<?xml version="1.0" encoding="utf-8"?>
<COLLADA xmlns="http://www.collada.org/2005/11/COLLADASchema" version="1.4.1" xmlns:xsi="http://www.w3.org/2001/XMLSchema-instance">
  <asset>
    <contributor>
      <author>Blender User</author>
      <authoring_tool>Blender 4.2.8 LTS commit date:2025-03-17, commit time:14:22, hash:7685fdbb99ae</authoring_tool>
    </contributor>
    <created>2025-05-18T11:09:12</created>
    <modified>2025-05-18T11:09:12</modified>
    <unit name="meter" meter="1"/>
    <up_axis>Z_UP</up_axis>
  </asset>
  <library_effects>
    <effect id="Intro_Realistic_Rack-effect">
      <profile_COMMON>
        <newparam sid="rack_png-surface">
          <surface type="2D">
            <init_from>rack_png</init_from>
          </surface>
        </newparam>
        <newparam sid="rack_png-sampler">
          <sampler2D>
            <source>rack_png-surface</source>
          </sampler2D>
        </newparam>
        <technique sid="common">
          <lambert>
            <emission>
              <color sid="emission">0 0 0 1</color>
            </emission>
            <diffuse>
              <texture texture="rack_png-sampler" texcoord="UVMap"/>
            </diffuse>
            <index_of_refraction>
              <float sid="ior">1.45</float>
            </index_of_refraction>
          </lambert>
        </technique>
      </profile_COMMON>
    </effect>
  </library_effects>
  <library_images>
    <image id="rack_png" name="rack_png">
      <init_from>rack.png</init_from>
    </image>
  </library_images>
  <library_materials>
    <material id="Intro_Realistic_Rack-material" name="Intro_Realistic_Rack">
      <instance_effect url="#Intro_Realistic_Rack-effect"/>
    </material>
  </library_materials>
  <library_geometries>
    <geometry id="Realistic_Lowpoly_Rack-mesh" name="Realistic_Lowpoly_Rack">
      <mesh>
        <source id="Realistic_Lowpoly_Rack-mesh-positions">
          <float_array id="Realistic_Lowpoly_Rack-mesh-positions-array" count="3912">0 0 2.000004 0 0.05506485 0 0 0.05506485 2.000004 -0.03750008 0.05506485 0 -0.03750008 0.05506485 2.000004 -0.03750008 0 0 -0.03750008 0 2.000004 -0.05000007 0.04131478 0 -0.05000007 0.04131478 2.000004 -0.03750008 0.04131478 2.000004 -0.03750008 0.04131478 0 -0.05000007 0.01374983 0 -0.03750008 0.01374983 2.000004 -0.03750008 0.01374983 0 -0.05000007 0.01374983 2.000004 0 0 0 -1 0 2.000004 -1 0.05506485 0 -1 0.05506485 2.000004 -0.9625002 0.05506485 0 -0.9625002 0.05506485 2.000004 -0.9625002 0 0 -0.9625002 0 2.000004 -0.9500002 0.04131478 0 -0.9500002 0.04131478 2.000004 -0.9625002 0.04131478 2.000004 -0.9625002 0.04131478 0 -0.9500002 0.01374983 0 -0.9625002 0.01374983 2.000004 -0.9625002 0.01374983 0 -0.9500002 0.01374983 2.000004 -1 0 0 0 2 2.000004 0 1.944935 0 0 1.944935 2.000004 -0.03750008 1.944935 0 -0.03750008 1.944935 2.000004 -0.03750008 2 0 -0.03750008 2 2.000004 -0.05000007 1.958685 0 -0.05000007 1.958685 2.000004 -0.03750008 1.958685 2.000004 -0.03750008 1.958685 0 -0.05000007 1.98625 0 -0.03750008 1.98625 2.000004 -0.03750008 1.98625 0 -0.05000007 1.98625 2.000004 0 2 0 -1 2 2.000004 -1 1.944935 0 -1 1.944935 2.000004 -0.9625002 1.944935 0 -0.9625002 1.944935 2.000004 -0.9625002 2 0 -0.9625002 2 2.000004 -0.9500002 1.958685 0 -0.9500002 1.958685 2.000004 -0.9625002 1.958685 2.000004 -0.9625002 1.958685 0 -0.9500002 1.98625 0 -0.9625002 1.98625 2.000004 -0.9625002 1.98625 0 -0.9500002 1.98625 2.000004 -1 2 0 -0.9800001 0.05756485 1.545003 -0.9800001 0.05756485 1.570003 -0.9800001 1.942435 1.545003 -0.9800001 1.942435 1.570003 -0.02000015 0.05756485 1.545003 -0.02000015 0.05756485 1.570003 -0.02000015 1.942435 1.545003 -0.02000015 1.942435 1.570003 -0.02000045 1.942435 0.7950018 -0.02000045 1.942435 0.8200018 -0.0199998 0.05756509 0.7950018 -0.0199998 0.05756509 0.8200018 -0.9800004 1.942435 0.7950018 -0.9800004 1.942435 0.8200018 -0.9799998 0.05756479 0.7950018 -0.9799998 0.05756479 0.8200018 -0.02000015 0.05756485 0.1450003 -0.02000015 0.05756485 0.1700003 -0.02000015 1.942435 0.1450003 -0.02000015 1.942435 0.1700003 -0.9800001 0.05756485 0.1450003 -0.9800001 0.05756485 0.1700003 -0.9800001 1.942435 0.1450003 -0.9800001 1.942435 0.1700003 -0.03415113 0.01539993 1.936408 -0.03415113 0.01540005 1.912143 -0.9658491 0.01539993 1.936408 -0.9658491 0.01540005 1.912143 -0.03415113 0.03966492 1.936408 -0.03415113 0.03966474 1.912143 -0.9658491 0.03966492 1.936408 -0.9658491 0.03966474 1.912143 -0.03415113 0.01539993 0.1371328 -0.03415113 0.01540005 0.1128677 -0.9658491 0.01539993 0.1371328 -0.9658491 0.01540005 0.1128677 -0.03415113 0.03966492 0.1371328 -0.03415113 0.03966474 0.1128677 -0.9658491 0.03966492 0.1371328 -0.9658491 0.03966474 0.1128677 -0.04130542 0.01539993 1.840689 -0.0296266 0.01540005 1.819419 -0.9704103 0.01539993 1.330534 -0.9587315 0.01540005 1.309265 -0.04130542 0.03966492 1.840689 -0.0296266 0.03966474 1.819419 -0.9704103 0.03966492 1.330534 -0.9587315 0.03966474 1.309265 -0.02962672 0.01539993 0.7805422 -0.04130554 0.01540005 0.7592726 -0.9587314 0.01539993 1.290697 -0.9704102 0.01540005 1.269427 -0.02962672 0.03966492 0.7805422 -0.04130554 0.03966474 0.7592726 -0.9587314 0.03966492 1.290697 -0.9704102 0.03966474 1.269427 -0.04130542 0.01539993 0.7406872 -0.0296266 0.01540005 0.7194175 -0.9704103 0.01539993 0.230533 -0.9587315 0.01540005 0.2092633 -0.04130542 0.03966492 0.7406872 -0.0296266 0.03966474 0.7194175 -0.9704103 0.03966492 0.230533 -0.9587315 0.03966474 0.2092633 -0.03415113 1.9846 1.936408 -0.03415113 1.9846 1.912143 -0.9658491 1.9846 1.936408 -0.9658491 1.9846 1.912143 -0.03415113 1.960335 1.936408 -0.03415113 1.960335 1.912143 -0.9658491 1.960335 1.936408 -0.9658491 1.960335 1.912143 -0.03415113 1.9846 0.1371328 -0.03415113 1.9846 0.1128677 -0.9658491 1.9846 0.1371328 -0.9658491 1.9846 0.1128677 -0.03415113 1.960335 0.1371328 -0.03415113 1.960335 0.1128677 -0.9658491 1.960335 0.1371328 -0.9658491 1.960335 0.1128677 -0.04130542 1.9846 1.840689 -0.0296266 1.9846 1.819419 -0.9704103 1.9846 1.330534 -0.9587315 1.9846 1.309265 -0.04130542 1.960335 1.840689 -0.0296266 1.960335 1.819419 -0.9704103 1.960335 1.330534 -0.9587315 1.960335 1.309265 -0.02962672 1.9846 0.7805422 -0.04130554 1.9846 0.7592726 -0.9587314 1.9846 1.290697 -0.9704102 1.9846 1.269427 -0.02962672 1.960335 0.7805422 -0.04130554 1.960335 0.7592726 -0.9587314 1.960335 1.290697 -0.9704102 1.960335 1.269427 -0.04130542 1.9846 0.7406872 -0.0296266 1.9846 0.7194175 -0.9704103 1.9846 0.230533 -0.9587315 1.9846 0.2092633 -0.04130542 1.960335 0.7406872 -0.0296266 1.960335 0.7194175 -0.9704103 1.960335 0.230533 -0.9587315 1.960335 0.2092633 -0.0200001 0.05756485 1.575003 -1.19209e-7 0.05506485 1.580003 -1.19209e-7 0.05756485 1.515003 -1.19209e-7 0.05756485 1.575003 0.002499878 0.05756485 1.515003 -0.0200001 0.05756485 1.545003 0.002499878 0.05756485 1.580003 -0.04000008 0.05756485 1.515003 -0.04000008 0.05756485 1.545003 -0.04669606 0.05506485 1.576699 -0.04669606 0.05756485 1.576699 -0.04000008 0.9999999 1.545003 -0.0200001 0.9999999 1.545003 -1.19209e-7 0.9999999 1.515003 -0.0200001 0.9999999 1.575003 -0.04669606 0.05506485 1.580003 -0.04000008 0.9999999 1.515003 -1.19209e-7 0.9999999 1.575003 -0.05000007 0.05756485 1.453307 -1.19209e-7 0.05506485 1.450003 -1.19209e-7 0.03562831 1.453307 -1.19209e-7 0.03562831 1.576455 0.002499878 0.03562831 1.453307 0.002499878 0.03232431 1.576701 -1.19209e-7 0.03232431 1.453307 0.002499878 0.03562831 1.576479 -0.04669606 0.05506485 1.450003 0.002499878 0.03232431 1.453307 -0.05000007 0.05756485 1.576699 -0.04669606 0.05756485 1.580003 -0.04905283 0.05756485 1.579023 -1.19209e-7 0.03328633 1.450965 -0.05000007 0.05506485 1.576699 -0.04905283 0.05506485 1.579023 -0.05000007 0.05506485 1.453307 -0.04669606 0.05756485 1.450003 -0.04902803 0.05756485 1.450961 -1.19209e-7 0.03562831 1.450003 0.002499878 0.03562831 1.450003 0.002499878 0.03328633 1.450965 0.002499878 0.03562831 1.580005 -0.04902803 0.05506485 1.450961 0.002499878 0.03397631 1.579563 0.002499878 0.03276693 1.578353 -1.19209e-7 0.03232431 1.576701 -1.19209e-7 0.03562831 1.580005 -1.19209e-7 0.03276693 1.578353 -1.19209e-7 0.03397631 1.579563 -0.04669606 0.05506485 1.453307 -0.04669606 0.05756485 1.453307 0.002499878 0.05756485 1.450003 -0.9800001 0.05756485 1.575003 -1 0.05506485 1.580003 -1 0.05756485 1.515003 -1 0.05756485 1.575003 -1.0025 0.05756485 1.515003 -0.9800001 0.05756485 1.545003 -1.0025 0.05756485 1.580003 -0.9600002 0.05756485 1.515003 -0.9600002 0.05756485 1.545003 -0.9533042 0.05506485 1.576699 -0.9533042 0.05756485 1.576699 -0.9600002 0.9999999 1.545003 -0.9800001 0.9999999 1.545003 -1 0.9999999 1.515003 -0.9800001 0.9999999 1.575003 -0.9533042 0.05506485 1.580003 -0.9600002 0.9999999 1.515003 -1 0.9999999 1.575003 -0.9500002 0.05756485 1.453307 -1 0.05506485 1.450003 -1 0.03562831 1.453307 -1 0.03562831 1.576455 -1.0025 0.03562831 1.453307 -1.0025 0.03232431 1.576701 -1 0.03232431 1.453307 -1.0025 0.03562831 1.576479 -0.9533042 0.05506485 1.450003 -1.0025 0.03232431 1.453307 -0.9500002 0.05756485 1.576699 -0.9533042 0.05756485 1.580003 -0.9509474 0.05756485 1.579023 -1 0.03328633 1.450965 -0.9500002 0.05506485 1.576699 -0.9509474 0.05506485 1.579023 -0.9500002 0.05506485 1.453307 -0.9533042 0.05756485 1.450003 -0.9509722 0.05756485 1.450961 -1 0.03562831 1.450003 -1.0025 0.03562831 1.450003 -1.0025 0.03328633 1.450965 -1.0025 0.03562831 1.580005 -0.9509722 0.05506485 1.450961 -1.0025 0.03397631 1.579563 -1.0025 0.03276693 1.578353 -1 0.03232431 1.576701 -1 0.03562831 1.580005 -1 0.03276693 1.578353 -1 0.03397631 1.579563 -0.9533042 0.05506485 1.453307 -0.9533042 0.05756485 1.453307 -1.0025 0.05756485 1.450003 -0.0200001 1.942435 1.575003 -1.19209e-7 1.944935 1.580003 -1.19209e-7 1.942435 1.515003 -1.19209e-7 1.942435 1.575003 0.002499878 1.942435 1.515003 -0.0200001 1.942435 1.545003 0.002499878 1.942435 1.580003 -0.04000008 1.942435 1.515003 -0.04000008 1.942435 1.545003 -0.04669606 1.944935 1.576699 -0.04669606 1.942435 1.576699 -0.04669606 1.944935 1.580003 -0.05000007 1.942435 1.453307 -1.19209e-7 1.944935 1.450003 -1.19209e-7 1.964371 1.453307 -1.19209e-7 1.964371 1.576455 0.002499878 1.964371 1.453307 0.002499878 1.967675 1.576701 -1.19209e-7 1.967675 1.453307 0.002499878 1.964371 1.576479 -0.04669606 1.944935 1.450003 0.002499878 1.967675 1.453307 -0.05000007 1.942435 1.576699 -0.04669606 1.942435 1.580003 -0.04905283 1.942435 1.579023 -1.19209e-7 1.966713 1.450965 -0.05000007 1.944935 1.576699 -0.04905283 1.944935 1.579023 -0.05000007 1.944935 1.453307 -0.04669606 1.942435 1.450003 -0.04902803 1.942435 1.450961 -1.19209e-7 1.964371 1.450003 0.002499878 1.964371 1.450003 0.002499878 1.966713 1.450965 0.002499878 1.964371 1.580005 -0.04902803 1.944935 1.450961 0.002499878 1.966023 1.579563 0.002499878 1.967233 1.578353 -1.19209e-7 1.967675 1.576701 -1.19209e-7 1.964371 1.580005 -1.19209e-7 1.967233 1.578353 -1.19209e-7 1.966023 1.579563 -0.04669606 1.944935 1.453307 -0.04669606 1.942435 1.453307 0.002499878 1.942435 1.450003 -0.9800001 1.942435 1.575003 -1 1.944935 1.580003 -1 1.942435 1.515003 -1 1.942435 1.575003 -1.0025 1.942435 1.515003 -0.9800001 1.942435 1.545003 -1.0025 1.942435 1.580003 -0.9600002 1.942435 1.515003 -0.9600002 1.942435 1.545003 -0.9533042 1.944935 1.576699 -0.9533042 1.942435 1.576699 -0.9533042 1.944935 1.580003 -0.9500002 1.942435 1.453307 -1 1.944935 1.450003 -1 1.964371 1.453307 -1 1.964371 1.576455 -1.0025 1.964371 1.453307 -1.0025 1.967675 1.576701 -1 1.967675 1.453307 -1.0025 1.964371 1.576479 -0.9533042 1.944935 1.450003 -1.0025 1.967675 1.453307 -0.9500002 1.942435 1.576699 -0.9533042 1.942435 1.580003 -0.9509474 1.942435 1.579023 -1 1.966713 1.450965 -0.9500002 1.944935 1.576699 -0.9509474 1.944935 1.579023 -0.9500002 1.944935 1.453307 -0.9533042 1.942435 1.450003 -0.9509722 1.942435 1.450961 -1 1.964371 1.450003 -1.0025 1.964371 1.450003 -1.0025 1.966713 1.450965 -1.0025 1.964371 1.580005 -0.9509722 1.944935 1.450961 -1.0025 1.966023 1.579563 -1.0025 1.967233 1.578353 -1 1.967675 1.576701 -1 1.964371 1.580005 -1 1.967233 1.578353 -1 1.966023 1.579563 -0.9533042 1.944935 1.453307 -0.9533042 1.942435 1.453307 -1.0025 1.942435 1.450003 -0.0200001 0.05756485 0.8250018 -1.19209e-7 0.05506485 0.8300018 -1.19209e-7 0.05756485 0.7650018 -1.19209e-7 0.05756485 0.8250018 0.002499878 0.05756485 0.7650018 -0.0200001 0.05756485 0.7950018 0.002499878 0.05756485 0.8300018 -0.04000008 0.05756485 0.7650018 -0.04000008 0.05756485 0.7950018 -0.04669606 0.05506485 0.8266978 -0.04669606 0.05756485 0.8266978 -0.04000008 0.9999999 0.7950018 -0.0200001 0.9999999 0.7950018 -1.19209e-7 0.9999999 0.7650018 -0.0200001 0.9999999 0.8250018 -0.04669606 0.05506485 0.8300018 -0.04000008 0.9999999 0.7650018 -1.19209e-7 0.9999999 0.8250018 -0.05000007 0.05756485 0.7033056 -1.19209e-7 0.05506485 0.7000015 -1.19209e-7 0.03562831 0.7033056 -1.19209e-7 0.03562831 0.8264531 0.002499878 0.03562831 0.7033056 0.002499878 0.03232431 0.8266997 -1.19209e-7 0.03232431 0.7033056 0.002499878 0.03562831 0.8264775 -0.04669606 0.05506485 0.7000015 0.002499878 0.03232431 0.7033056 -0.05000007 0.05756485 0.8266978 -0.04669606 0.05756485 0.8300018 -0.04905283 0.05756485 0.8290212 -1.19209e-7 0.03328633 0.7009636 -0.05000007 0.05506485 0.8266978 -0.04905283 0.05506485 0.8290212 -0.05000007 0.05506485 0.7033056 -0.04669606 0.05756485 0.7000015 -0.04902803 0.05756485 0.7009591 -1.19209e-7 0.03562831 0.7000015 0.002499878 0.03562831 0.7000015 0.002499878 0.03328633 0.7009636 0.002499878 0.03562831 0.8300037 -0.04902803 0.05506485 0.7009591 0.002499878 0.03397631 0.8295611 0.002499878 0.03276693 0.8283517 -1.19209e-7 0.03232431 0.8266997 -1.19209e-7 0.03562831 0.8300037 -1.19209e-7 0.03276693 0.8283517 -1.19209e-7 0.03397631 0.8295611 -0.04669606 0.05506485 0.7033056 -0.04669606 0.05756485 0.7033056 0.002499878 0.05756485 0.7000015 -0.9800001 0.05756485 0.8250018 -1 0.05506485 0.8300018 -1 0.05756485 0.7650018 -1 0.05756485 0.8250018 -1.0025 0.05756485 0.7650018 -0.9800001 0.05756485 0.7950018 -1.0025 0.05756485 0.8300018 -0.9600002 0.05756485 0.7650018 -0.9600002 0.05756485 0.7950018 -0.9533042 0.05506485 0.8266978 -0.9533042 0.05756485 0.8266978 -0.9600002 0.9999999 0.7950018 -0.9800001 0.9999999 0.7950018 -1 0.9999999 0.7650018 -0.9800001 0.9999999 0.8250018 -0.9533042 0.05506485 0.8300018 -0.9600002 0.9999999 0.7650018 -1 0.9999999 0.8250018 -0.9500002 0.05756485 0.7033056 -1 0.05506485 0.7000015 -1 0.03562831 0.7033056 -1 0.03562831 0.8264531 -1.0025 0.03562831 0.7033056 -1.0025 0.03232431 0.8266997 -1 0.03232431 0.7033056 -1.0025 0.03562831 0.8264775 -0.9533042 0.05506485 0.7000015 -1.0025 0.03232431 0.7033056 -0.9500002 0.05756485 0.8266978 -0.9533042 0.05756485 0.8300018 -0.9509474 0.05756485 0.8290212 -1 0.03328633 0.7009636 -0.9500002 0.05506485 0.8266978 -0.9509474 0.05506485 0.8290212 -0.9500002 0.05506485 0.7033056 -0.9533042 0.05756485 0.7000015 -0.9509722 0.05756485 0.7009591 -1 0.03562831 0.7000015 -1.0025 0.03562831 0.7000015 -1.0025 0.03328633 0.7009636 -1.0025 0.03562831 0.8300037 -0.9509722 0.05506485 0.7009591 -1.0025 0.03397631 0.8295611 -1.0025 0.03276693 0.8283517 -1 0.03232431 0.8266997 -1 0.03562831 0.8300037 -1 0.03276693 0.8283517 -1 0.03397631 0.8295611 -0.9533042 0.05506485 0.7033056 -0.9533042 0.05756485 0.7033056 -1.0025 0.05756485 0.7000015 -0.0200001 1.942435 0.8250018 -1.19209e-7 1.944935 0.8300018 -1.19209e-7 1.942435 0.7650018 -1.19209e-7 1.942435 0.8250018 0.002499878 1.942435 0.7650018 -0.0200001 1.942435 0.7950018 0.002499878 1.942435 0.8300018 -0.04000008 1.942435 0.7650018 -0.04000008 1.942435 0.7950018 -0.04669606 1.944935 0.8266978 -0.04669606 1.942435 0.8266978 -0.04669606 1.944935 0.8300018 -0.05000007 1.942435 0.7033056 -1.19209e-7 1.944935 0.7000015 -1.19209e-7 1.964371 0.7033056 -1.19209e-7 1.964371 0.8264531 0.002499878 1.964371 0.7033056 0.002499878 1.967675 0.8266997 -1.19209e-7 1.967675 0.7033056 0.002499878 1.964371 0.8264775 -0.04669606 1.944935 0.7000015 0.002499878 1.967675 0.7033056 -0.05000007 1.942435 0.8266978 -0.04669606 1.942435 0.8300018 -0.04905283 1.942435 0.8290212 -1.19209e-7 1.966713 0.7009636 -0.05000007 1.944935 0.8266978 -0.04905283 1.944935 0.8290212 -0.05000007 1.944935 0.7033056 -0.04669606 1.942435 0.7000015 -0.04902803 1.942435 0.7009591 -1.19209e-7 1.964371 0.7000015 0.002499878 1.964371 0.7000015 0.002499878 1.966713 0.7009636 0.002499878 1.964371 0.8300037 -0.04902803 1.944935 0.7009591 0.002499878 1.966023 0.8295611 0.002499878 1.967233 0.8283517 -1.19209e-7 1.967675 0.8266997 -1.19209e-7 1.964371 0.8300037 -1.19209e-7 1.967233 0.8283517 -1.19209e-7 1.966023 0.8295611 -0.04669606 1.944935 0.7033056 -0.04669606 1.942435 0.7033056 0.002499878 1.942435 0.7000015 -0.9800001 1.942435 0.8250018 -1 1.944935 0.8300018 -1 1.942435 0.7650018 -1 1.942435 0.8250018 -1.0025 1.942435 0.7650018 -0.9800001 1.942435 0.7950018 -1.0025 1.942435 0.8300018 -0.9600002 1.942435 0.7650018 -0.9600002 1.942435 0.7950018 -0.9533042 1.944935 0.8266978 -0.9533042 1.942435 0.8266978 -0.9533042 1.944935 0.8300018 -0.9500002 1.942435 0.7033056 -1 1.944935 0.7000015 -1 1.964371 0.7033056 -1 1.964371 0.8264531 -1.0025 1.964371 0.7033056 -1.0025 1.967675 0.8266997 -1 1.967675 0.7033056 -1.0025 1.964371 0.8264775 -0.9533042 1.944935 0.7000015 -1.0025 1.967675 0.7033056 -0.9500002 1.942435 0.8266978 -0.9533042 1.942435 0.8300018 -0.9509474 1.942435 0.8290212 -1 1.966713 0.7009636 -0.9500002 1.944935 0.8266978 -0.9509474 1.944935 0.8290212 -0.9500002 1.944935 0.7033056 -0.9533042 1.942435 0.7000015 -0.9509722 1.942435 0.7009591 -1 1.964371 0.7000015 -1.0025 1.964371 0.7000015 -1.0025 1.966713 0.7009636 -1.0025 1.964371 0.8300037 -0.9509722 1.944935 0.7009591 -1.0025 1.966023 0.8295611 -1.0025 1.967233 0.8283517 -1 1.967675 0.8266997 -1 1.964371 0.8300037 -1 1.967233 0.8283517 -1 1.966023 0.8295611 -0.9533042 1.944935 0.7033056 -0.9533042 1.942435 0.7033056 -1.0025 1.942435 0.7000015 -0.0200001 0.05756485 0.1750003 -1.19209e-7 0.05506485 0.1800003 -1.19209e-7 0.05756485 0.1150003 -1.19209e-7 0.05756485 0.1750003 0.002499878 0.05756485 0.1150003 -0.0200001 0.05756485 0.1450003 0.002499878 0.05756485 0.1800003 -0.04000008 0.05756485 0.1150003 -0.04000008 0.05756485 0.1450003 -0.04669606 0.05506485 0.1766963 -0.04669606 0.05756485 0.1766963 -0.04000008 0.9999999 0.1450003 -0.0200001 0.9999999 0.1450003 -1.19209e-7 0.9999999 0.1150003 -0.0200001 0.9999999 0.1750003 -0.04669606 0.05506485 0.1800003 -0.04000008 0.9999999 0.1150003 -1.19209e-7 0.9999999 0.1750003 -0.05000007 0.05756485 0.05330407 -1.19209e-7 0.05506485 0.05000007 -1.19209e-7 0.03562831 0.05330407 -1.19209e-7 0.03562831 0.1764516 0.002499878 0.03562831 0.05330407 0.002499878 0.03232431 0.1766983 -1.19209e-7 0.03232431 0.05330407 0.002499878 0.03562831 0.1764761 -0.04669606 0.05506485 0.05000007 0.002499878 0.03232431 0.05330407 -0.05000007 0.05756485 0.1766963 -0.04669606 0.05756485 0.1800003 -0.04905283 0.05756485 0.1790197 -1.19209e-7 0.03328633 0.05096215 -0.05000007 0.05506485 0.1766963 -0.04905283 0.05506485 0.1790197 -0.05000007 0.05506485 0.05330407 -0.04669606 0.05756485 0.05000007 -0.04902803 0.05756485 0.05095762 -1.19209e-7 0.03562831 0.05000007 0.002499878 0.03562831 0.05000007 0.002499878 0.03328633 0.05096215 0.002499878 0.03562831 0.1800023 -0.04902803 0.05506485 0.05095762 0.002499878 0.03397631 0.1795597 0.002499878 0.03276693 0.1783503 -1.19209e-7 0.03232431 0.1766983 -1.19209e-7 0.03562831 0.1800023 -1.19209e-7 0.03276693 0.1783503 -1.19209e-7 0.03397631 0.1795597 -0.04669606 0.05506485 0.05330407 -0.04669606 0.05756485 0.05330407 0.002499878 0.05756485 0.05000007 -0.9800001 0.05756485 0.1750003 -1 0.05506485 0.1800003 -1 0.05756485 0.1150003 -1 0.05756485 0.1750003 -1.0025 0.05756485 0.1150003 -0.9800001 0.05756485 0.1450003 -1.0025 0.05756485 0.1800003 -0.9600002 0.05756485 0.1150003 -0.9600002 0.05756485 0.1450003 -0.9533042 0.05506485 0.1766963 -0.9533042 0.05756485 0.1766963 -0.9600002 0.9999999 0.1450003 -0.9800001 0.9999999 0.1450003 -1 0.9999999 0.1150003 -0.9800001 0.9999999 0.1750003 -0.9533042 0.05506485 0.1800003 -0.9600002 0.9999999 0.1150003 -1 0.9999999 0.1750003 -0.9500002 0.05756485 0.05330407 -1 0.05506485 0.05000007 -1 0.03562831 0.05330407 -1 0.03562831 0.1764516 -1.0025 0.03562831 0.05330407 -1.0025 0.03232431 0.1766983 -1 0.03232431 0.05330407 -1.0025 0.03562831 0.1764761 -0.9533042 0.05506485 0.05000007 -1.0025 0.03232431 0.05330407 -0.9500002 0.05756485 0.1766963 -0.9533042 0.05756485 0.1800003 -0.9509474 0.05756485 0.1790197 -1 0.03328633 0.05096215 -0.9500002 0.05506485 0.1766963 -0.9509474 0.05506485 0.1790197 -0.9500002 0.05506485 0.05330407 -0.9533042 0.05756485 0.05000007 -0.9509722 0.05756485 0.05095762 -1 0.03562831 0.05000007 -1.0025 0.03562831 0.05000007 -1.0025 0.03328633 0.05096215 -1.0025 0.03562831 0.1800023 -0.9509722 0.05506485 0.05095762 -1.0025 0.03397631 0.1795597 -1.0025 0.03276693 0.1783503 -1 0.03232431 0.1766983 -1 0.03562831 0.1800023 -1 0.03276693 0.1783503 -1 0.03397631 0.1795597 -0.9533042 0.05506485 0.05330407 -0.9533042 0.05756485 0.05330407 -1.0025 0.05756485 0.05000007 -0.0200001 1.942435 0.1750003 -1.19209e-7 1.944935 0.1800003 -1.19209e-7 1.942435 0.1150003 -1.19209e-7 1.942435 0.1750003 0.002499878 1.942435 0.1150003 -0.0200001 1.942435 0.1450003 0.002499878 1.942435 0.1800003 -0.04000008 1.942435 0.1150003 -0.04000008 1.942435 0.1450003 -0.04669606 1.944935 0.1766963 -0.04669606 1.942435 0.1766963 -0.04669606 1.944935 0.1800003 -0.05000007 1.942435 0.05330407 -1.19209e-7 1.944935 0.05000007 -1.19209e-7 1.964371 0.05330407 -1.19209e-7 1.964371 0.1764516 0.002499878 1.964371 0.05330407 0.002499878 1.967675 0.1766983 -1.19209e-7 1.967675 0.05330407 0.002499878 1.964371 0.1764761 -0.04669606 1.944935 0.05000007 0.002499878 1.967675 0.05330407 -0.05000007 1.942435 0.1766963 -0.04669606 1.942435 0.1800003 -0.04905283 1.942435 0.1790197 -1.19209e-7 1.966713 0.05096215 -0.05000007 1.944935 0.1766963 -0.04905283 1.944935 0.1790197 -0.05000007 1.944935 0.05330407 -0.04669606 1.942435 0.05000007 -0.04902803 1.942435 0.05095762 -1.19209e-7 1.964371 0.05000007 0.002499878 1.964371 0.05000007 0.002499878 1.966713 0.05096215 0.002499878 1.964371 0.1800023 -0.04902803 1.944935 0.05095762 0.002499878 1.966023 0.1795597 0.002499878 1.967233 0.1783503 -1.19209e-7 1.967675 0.1766983 -1.19209e-7 1.964371 0.1800023 -1.19209e-7 1.967233 0.1783503 -1.19209e-7 1.966023 0.1795597 -0.04669606 1.944935 0.05330407 -0.04669606 1.942435 0.05330407 0.002499878 1.942435 0.05000007 -0.9800001 1.942435 0.1750003 -1 1.944935 0.1800003 -1 1.942435 0.1150003 -1 1.942435 0.1750003 -1.0025 1.942435 0.1150003 -0.9800001 1.942435 0.1450003 -1.0025 1.942435 0.1800003 -0.9600002 1.942435 0.1150003 -0.9600002 1.942435 0.1450003 -0.9533042 1.944935 0.1766963 -0.9533042 1.942435 0.1766963 -0.9533042 1.944935 0.1800003 -0.9500002 1.942435 0.05330407 -1 1.944935 0.05000007 -1 1.964371 0.05330407 -1 1.964371 0.1764516 -1.0025 1.964371 0.05330407 -1.0025 1.967675 0.1766983 -1 1.967675 0.05330407 -1.0025 1.964371 0.1764761 -0.9533042 1.944935 0.05000007 -1.0025 1.967675 0.05330407 -0.9500002 1.942435 0.1766963 -0.9533042 1.942435 0.1800003 -0.9509474 1.942435 0.1790197 -1 1.966713 0.05096215 -0.9500002 1.944935 0.1766963 -0.9509474 1.944935 0.1790197 -0.9500002 1.944935 0.05330407 -0.9533042 1.942435 0.05000007 -0.9509722 1.942435 0.05095762 -1 1.964371 0.05000007 -1.0025 1.964371 0.05000007 -1.0025 1.966713 0.05096215 -1.0025 1.964371 0.1800023 -0.9509722 1.944935 0.05095762 -1.0025 1.966023 0.1795597 -1.0025 1.967233 0.1783503 -1 1.967675 0.1766983 -1 1.964371 0.1800023 -1 1.967233 0.1783503 -1 1.966023 0.1795597 -0.9533042 1.944935 0.05330407 -0.9533042 1.942435 0.05330407 -1.0025 1.942435 0.05000007 -0.04136806 1.992298 1.925043 -0.04221278 1.992298 1.927277 -0.04457026 1.992298 1.927663 -0.04608309 1.992298 1.925814 -0.04523831 1.992298 1.92358 -0.04288083 1.992298 1.923194 -0.03782773 1.98625 1.924464 -0.03994101 1.98625 1.930054 -0.04583883 1.98625 1.931019 -0.04962342 1.98625 1.926393 -0.04751014 1.98625 1.920803 -0.04161226 1.98625 1.919838 -0.04753428 0.01118719 0.7738936 -0.04585903 0.01118719 0.7713634 -0.04442769 0.01118719 0.7784044 -0.04695791 0.01118719 0.7767291 -0.04302352 0.01118719 0.7707869 -0.0404933 0.01118719 0.7724623 -0.03991687 0.01118719 0.7752978 -0.04159212 0.01118719 0.777828 -0.04585903 0.01374971 0.7713634 -0.04753428 0.01374971 0.7738936 -0.04695791 0.01374971 0.7767291 -0.04442769 0.01374971 0.7784044 -0.04159212 0.01374971 0.777828 -0.03991687 0.01374971 0.7752978 -0.0404933 0.01374971 0.7724623 -0.04302352 0.01374971 0.7707869 -0.04200345 0.04736328 0.77294 -0.04143077 0.04736328 0.7752593 -0.04315292 0.04736328 0.7769148 -0.04544782 0.04736328 0.7762511 -0.04602044 0.04736328 0.7739319 -0.04429823 0.04736328 0.7722764 -0.03941714 0.04131484 0.7704539 -0.0379846 0.04131484 0.7762559 -0.04229301 0.04131484 0.7803975 -0.04803395 0.04131484 0.7787373 -0.04946655 0.04131484 0.7729353 -0.0451582 0.04131484 0.7687936 -0.04759842 0.01118719 0.7247419 -0.04642188 0.01118719 0.7219447 -0.0437085 0.01118719 0.7285978 -0.04650574 0.01118719 0.7274213 -0.04374259 0.01118719 0.720852 -0.04094535 0.01118719 0.7220286 -0.03985267 0.01118719 0.7247079 -0.04102927 0.01118719 0.7275051 -0.04642188 0.01374971 0.7219447 -0.04759842 0.01374971 0.7247419 -0.04650574 0.01374971 0.7274213 -0.0437085 0.01374971 0.7285978 -0.04102927 0.01374971 0.7275051 -0.03985267 0.01374971 0.7247079 -0.04094535 0.01374971 0.7220286 -0.04374259 0.01374971 0.720852 -0.04704833 0.01118719 0.1223829 -0.04459404 0.01118719 0.1205984 -0.04571533 0.01118719 0.1276955 -0.04749989 0.01118719 0.1252412 -0.04173588 0.01118719 0.1210501 -0.03995126 0.01118719 0.1235044 -0.04040282 0.01118719 0.1263625 -0.04285711 0.01118719 0.1281471 -0.04459404 0.01374971 0.1205984 -0.04704833 0.01374971 0.1223829 -0.04749989 0.01374971 0.1252412 -0.04571533 0.01374971 0.1276955 -0.04285711 0.01374971 0.1281471 -0.04040282 0.01374971 0.1263625 -0.03995126 0.01374971 0.1235044 -0.04173588 0.01374971 0.1210501 -0.04712861 0.01118719 1.823085 -0.04475098 0.01118719 1.8212 -0.04557484 0.01118719 1.828337 -0.04746037 0.01118719 1.82596 -0.04187655 0.01118719 1.821531 -0.03999096 0.01118719 1.823909 -0.04032272 0.01118719 1.826783 -0.04270035 0.01118719 1.828669 -0.04475098 0.01374971 1.8212 -0.04712861 0.01374971 1.823085 -0.04746037 0.01374971 1.82596 -0.04557484 0.01374971 1.828337 -0.04270035 0.01374971 1.828669 -0.04032272 0.01374971 1.826783 -0.03999096 0.01374971 1.823909 -0.04187655 0.01374971 1.821531 -0.04629373 0.01118719 1.92253 -0.04341548 0.01118719 1.921568 -0.04662466 0.01118719 1.927997 -0.04758614 0.01118719 1.925118 -0.04082661 0.01118719 1.92286 -0.03986519 0.01118719 1.925739 -0.04115754 0.01118719 1.928328 -0.04403579 0.01118719 1.929289 -0.04341548 0.01374971 1.921568 -0.04629373 0.01374971 1.92253 -0.04758614 0.01374971 1.925118 -0.04662466 0.01374971 1.927997 -0.04403579 0.01374971 1.929289 -0.04115754 0.01374971 1.928328 -0.03986519 0.01374971 1.925739 -0.04082661 0.01374971 1.92286 -0.9558615 0.01118719 1.271167 -0.9532279 0.01118719 1.272675 -0.9601612 0.01118719 1.27456 -0.9586536 0.01118719 1.271926 -0.9524688 0.01118719 1.275467 -0.9539765 0.01118719 1.278101 -0.9567686 0.01118719 1.27886 -0.9594022 0.01118719 1.277352 -0.9532279 0.01374971 1.272675 -0.9558615 0.01374971 1.271167 -0.9586536 0.01374971 1.271926 -0.9601612 0.01374971 1.27456 -0.9594022 0.01374971 1.277352 -0.9567686 0.01374971 1.27886 -0.9539765 0.01374971 1.278101 -0.9524688 0.01374971 1.275467 -0.9601879 0.01118719 0.2247213 -0.9590149 0.01118719 0.2219225 -0.9562931 0.01118719 0.228572 -0.9590917 0.01118719 0.2273991 -0.9563371 0.01118719 0.2208263 -0.9535384 0.01118719 0.2219994 -0.9524422 0.01118719 0.2246773 -0.9536152 0.01118719 0.2274758 -0.9590149 0.01374971 0.2219225 -0.9601879 0.01374971 0.2247213 -0.9590917 0.01374971 0.2273991 -0.9562931 0.01374971 0.228572 -0.9536152 0.01374971 0.2274758 -0.9524422 0.01374971 0.2246773 -0.9535384 0.01374971 0.2219994 -0.9563371 0.01374971 0.2208263 -0.9596508 0.01118719 0.122405 -0.9572083 0.01118719 0.1206042 -0.9582827 0.01118719 0.1277086 -0.9600836 0.01118719 0.1252659 -0.9543474 0.01118719 0.1210368 -0.9525465 0.01118719 0.1234794 -0.9529792 0.01118719 0.1263405 -0.9554217 0.01118719 0.1281411 -0.9572083 0.01374971 0.1206042 -0.9596508 0.01374971 0.122405 -0.9600836 0.01374971 0.1252659 -0.9582827 0.01374971 0.1277086 -0.9554217 0.01374971 0.1281411 -0.9529792 0.01374971 0.1263405 -0.9525465 0.01374971 0.1234794 -0.9543474 0.01374971 0.1210368 -0.9549025 0.01118719 1.321725 -0.9527365 0.01118719 1.32385 -0.9599211 0.01118719 1.323919 -0.957796 0.01118719 1.321753 -0.9527088 0.01118719 1.326743 -0.954834 0.01118719 1.32891 -0.9577274 0.01118719 1.328937 -0.9598936 0.01118719 1.326812 -0.9527365 0.01374971 1.32385 -0.9549025 0.01374971 1.321725 -0.957796 0.01374971 1.321753 -0.9599211 0.01374971 1.323919 -0.9598936 0.01374971 1.326812 -0.9577274 0.01374971 1.328937 -0.954834 0.01374971 1.32891 -0.9527088 0.01374971 1.326743 -0.9596447 0.01118719 1.92345 -0.9571965 0.01118719 1.921657 -0.9582934 0.01118719 1.928758 -0.9600864 0.01118719 1.92631 -0.9543369 0.01118719 1.922099 -0.9525439 0.01118719 1.924547 -0.9529857 0.01118719 1.927407 -0.9554337 0.01118719 1.9292 -0.9571965 0.01374971 1.921657 -0.9596447 0.01374971 1.92345 -0.9600864 0.01374971 1.92631 -0.9582934 0.01374971 1.928758 -0.9554337 0.01374971 1.9292 -0.9529857 0.01374971 1.927407 -0.9525439 0.01374971 1.924547 -0.9543369 0.01374971 1.922099 -0.04206442 0.04736328 0.723008 -0.0414083 0.04736328 0.7253051 -0.04306942 0.04736328 0.7270218 -0.04538673 0.04736328 0.7264416 -0.04604291 0.04736328 0.7241447 -0.04438173 0.04736328 0.7224279 -0.03956985 0.04131484 0.72043 -0.03792828 0.04131484 0.7261764 -0.04208403 0.04131484 0.7304713 -0.0478813 0.04131484 0.7290197 -0.04952287 0.04131484 0.7232733 -0.04536712 0.04131484 0.7189784 -0.9540809 0.04736328 1.274168 -0.9544654 0.04736328 1.276525 -0.9566995 0.04736328 1.277371 -0.958549 0.04736328 1.27586 -0.9581646 0.04736328 1.273502 -0.9559306 0.04736328 1.272656 -0.950726 0.04131484 1.272897 -0.9516877 0.04131484 1.278796 -0.9572767 0.04131484 1.280912 -0.9619041 0.04131484 1.27713 -0.9609422 0.04131484 1.271232 -0.9553533 0.04131484 1.269115 -0.9564052 0.04736328 1.322944 -0.9542928 0.04736328 1.324059 -0.9542028 0.04736328 1.326447 -0.956225 0.04736328 1.327718 -0.9583373 0.04736328 1.326603 -0.9584274 0.04736328 1.324215 -0.9565404 0.04131484 1.319359 -0.9512558 0.04131484 1.32215 -0.9510305 0.04131484 1.328122 -0.9560897 0.04131484 1.331303 -0.9613743 0.04131484 1.328512 -0.9615996 0.04131484 1.32254 -0.9547627 0.04736328 0.2228834 -0.9539665 0.04736328 0.2251358 -0.955519 0.04736328 0.2269513 -0.9578675 0.04736328 0.2265148 -0.9586637 0.04736328 0.2242624 -0.9571112 0.04736328 0.2224469 -0.9524313 0.04131484 0.2201569 -0.9504395 0.04131484 0.2257914 -0.9543233 0.04131484 0.2303336 -0.9601988 0.04131484 0.2292414 -0.9621906 0.04131484 0.2236069 -0.9583068 0.04131484 0.2190647 -0.9547311 0.04736328 0.1225843 -0.9539744 0.04736328 0.12485 -0.9555582 0.04736328 0.1266384 -0.9578989 0.04736328 0.1261609 -0.9586557 0.04736328 0.1238951 -0.9570719 0.04736328 0.1221069 -0.9523528 0.04131484 0.1198987 -0.9504593 0.04131484 0.125567 -0.9544216 0.04131484 0.1300411 -0.9602773 0.04131484 0.1288466 -0.9621707 0.04131484 0.1231782 -0.9582085 0.04131484 0.1187043 -0.04220563 0.04736328 0.1225298 -0.04136967 0.04736328 0.1247677 -0.04288977 0.04736328 0.1266105 -0.0452457 0.04736328 0.1262154 -0.04608154 0.04736328 0.1239777 -0.0445615 0.04736328 0.1221349 -0.03992277 0.04131484 0.1197624 -0.0378316 0.04131484 0.1253608 -0.04163444 0.04131484 0.1299712 -0.04752838 0.04131484 0.1289829 -0.04961949 0.04131484 0.1233844 -0.04581683 0.04131484 0.1187741 -0.9547311 0.04736328 1.92364 -0.9539745 0.04736328 1.925906 -0.9555587 0.04736328 1.927694 -0.9578992 0.04736328 1.927217 -0.9586557 0.04736328 1.924951 -0.9570717 0.04736328 1.923163 -0.9523523 0.04131484 1.920955 -0.9504596 0.04131484 1.926624 -0.9544226 0.04131484 1.931097 -0.960278 0.04131484 1.929902 -0.9621706 0.04131484 1.924233 -0.9582077 0.04131484 1.91976 -0.04196321 0.04736328 1.823322 -0.04144787 0.04736328 1.825654 -0.04321032 0.04736328 1.827267 -0.04548805 0.04736328 1.826547 -0.0460034 0.04736328 1.824214 -0.04424095 0.04736328 1.822602 -0.03931647 0.04131484 1.8209 -0.03802734 0.04131484 1.826735 -0.04243648 0.04131484 1.83077 -0.0481348 0.04131484 1.828968 -0.04942393 0.04131484 1.823133 -0.04501479 0.04131484 1.819099 -0.04297995 0.04736328 1.923159 -0.04138737 0.04736328 1.92494 -0.04213315 0.04736328 1.927209 -0.04447138 0.04736328 1.927698 -0.04606395 0.04736328 1.925917 -0.04531824 0.04736328 1.923648 -0.0418601 0.04131484 1.919751 -0.03787595 0.04131484 1.924205 -0.03974151 0.04131484 1.929883 -0.04559129 0.04131484 1.931106 -0.04957544 0.04131484 1.926652 -0.04770982 0.04131484 1.920974 -0.0467388 1.956122 0.7721627 -0.04405993 1.956122 0.7707373 -0.04615861 1.956122 0.777609 -0.04758405 1.956122 0.77493 -0.04129254 1.956122 0.7715824 -0.03986716 1.956122 0.7742614 -0.04071229 1.956122 0.7770287 -0.04339128 1.956122 0.7784542 -0.04405993 1.958685 0.7707373 -0.0467388 1.958685 0.7721627 -0.04758405 1.958685 0.77493 -0.04615861 1.958685 0.777609 -0.04339128 1.958685 0.7784542 -0.04071229 1.958685 0.7770287 -0.03986716 1.958685 0.7742614 -0.04129254 1.958685 0.7715824 -0.04213315 1.992298 0.772815 -0.04138731 1.992298 0.7750845 -0.04297965 1.992298 0.776865 -0.04531806 1.992298 0.7763763 -0.04606389 1.992298 0.7741069 -0.0444715 1.992298 0.7723262 -0.03974169 1.98625 0.7701409 -0.03787577 1.98625 0.7758184 -0.04185962 1.98625 0.7802732 -0.04770946 1.98625 0.7790504 -0.04957538 1.98625 0.7733729 -0.04559159 1.98625 0.7689182 -0.04686588 1.956122 0.7224583 -0.04426783 1.956122 0.7208902 -0.04599237 1.956122 0.7278652 -0.04756033 1.956122 0.7252672 -0.0414589 1.956122 0.7215847 -0.03989088 1.956122 0.7241829 -0.04058527 1.956122 0.7269917 -0.04318338 1.956122 0.7285597 -0.04426783 1.958685 0.7208902 -0.04686588 1.958685 0.7224583 -0.04756033 1.958685 0.7252672 -0.04599237 1.958685 0.7278652 -0.04318338 1.958685 0.7285597 -0.04058527 1.958685 0.7269917 -0.03989088 1.958685 0.7241829 -0.0414589 1.958685 0.7215847 -0.04706621 1.956122 0.1224133 -0.04462826 1.956122 0.1206066 -0.04568487 1.956122 0.1277134 -0.04749178 1.956122 0.1252756 -0.04176622 1.956122 0.1210321 -0.03995931 1.956122 0.12347 -0.04038488 1.956122 0.126332 -0.04282283 1.956122 0.128139 -0.04462826 1.958685 0.1206066 -0.04706621 1.958685 0.1224133 -0.04749178 1.958685 0.1252756 -0.04568487 1.958685 0.1277134 -0.04282283 1.958685 0.128139 -0.04038488 1.958685 0.126332 -0.03995931 1.958685 0.12347 -0.04176622 1.958685 0.1210321 -0.04709535 1.956122 1.823025 -0.04468464 1.956122 1.821182 -0.04563474 1.956122 1.828304 -0.04747796 1.956122 1.825893 -0.04181653 1.956122 1.821565 -0.03997337 1.956122 1.823975 -0.04035598 1.956122 1.826843 -0.04276663 1.956122 1.828687 -0.04468464 1.958685 1.821182 -0.04709535 1.958685 1.823025 -0.04747796 1.958685 1.825893 -0.04563474 1.958685 1.828304 -0.04276663 1.958685 1.828687 -0.04035598 1.958685 1.826843 -0.03997337 1.958685 1.823975 -0.04181653 1.958685 1.821565 -0.04531103 1.956122 1.921895 -0.04227703 1.956122 1.921837 -0.04725915 1.956122 1.927014 -0.04731744 1.956122 1.92398 -0.04019206 1.956122 1.923843 -0.04013383 1.956122 1.926877 -0.04214018 1.956122 1.928962 -0.04517424 1.956122 1.92902 -0.04227703 1.958685 1.921837 -0.04531103 1.958685 1.921895 -0.04731744 1.958685 1.92398 -0.04725915 1.958685 1.927014 -0.04517424 1.958685 1.92902 -0.04214018 1.958685 1.928962 -0.04013383 1.958685 1.926877 -0.04019206 1.958685 1.923843 -0.9601852 1.956122 1.274869 -0.9588928 1.956122 1.272123 -0.9564598 1.956122 1.278884 -0.9592054 1.956122 1.277591 -0.9561702 1.956122 1.271143 -0.9534246 1.956122 1.272436 -0.9524448 1.956122 1.275158 -0.9537371 1.956122 1.277904 -0.9588928 1.958685 1.272123 -0.9601852 1.958685 1.274869 -0.9592054 1.958685 1.277591 -0.9564598 1.958685 1.278884 -0.9537371 1.958685 1.277904 -0.9524448 1.958685 1.275158 -0.9534246 1.958685 1.272436 -0.9561702 1.958685 1.271143 -0.9596822 1.956122 0.2227858 -0.9572691 1.956122 0.2209458 -0.9582285 1.956122 0.2280664 -0.9600686 1.956122 0.2256532 -0.9544014 1.956122 0.2213321 -0.9525614 1.956122 0.2237452 -0.9529479 1.956122 0.2266128 -0.955361 1.956122 0.2284528 -0.9572691 1.958685 0.2209458 -0.9596822 1.958685 0.2227858 -0.9600686 1.958685 0.2256532 -0.9582285 1.958685 0.2280664 -0.955361 1.958685 0.2284528 -0.9529479 1.958685 0.2266128 -0.9525614 1.958685 0.2237452 -0.9544014 1.958685 0.2213321 -0.9593936 1.956122 0.1220231 -0.9567547 1.956122 0.1205248 -0.9586647 1.956122 0.1274514 -0.9601628 1.956122 0.1248124 -0.9539652 1.956122 0.1212941 -0.9524671 1.956122 0.123933 -0.9532364 1.956122 0.1267224 -0.9558753 1.956122 0.1282205 -0.9567547 1.958685 0.1205248 -0.9593936 1.958685 0.1220231 -0.9601628 1.958685 0.1248124 -0.9586647 1.958685 0.1274514 -0.9558753 1.958685 0.1282205 -0.9532364 1.958685 0.1267224 -0.9524671 1.958685 0.123933 -0.9539652 1.958685 0.1212941 -0.9573999 1.956122 1.321613 -0.9543866 1.956122 1.321972 -0.9600328 1.956122 1.326416 -0.9596737 1.956122 1.323403 -0.9525972 1.956122 1.324246 -0.9529562 1.956122 1.327259 -0.9552301 1.956122 1.329049 -0.9582434 1.956122 1.32869 -0.9543866 1.958685 1.321972 -0.9573999 1.958685 1.321613 -0.9596737 1.958685 1.323403 -0.9600328 1.958685 1.326416 -0.9582434 1.958685 1.32869 -0.9552301 1.958685 1.329049 -0.9529562 1.958685 1.327259 -0.9525972 1.958685 1.324246 -0.9599691 1.956122 1.926712 -0.9597727 1.956122 1.923684 -0.9550314 1.956122 1.929083 -0.9580597 1.956122 1.928886 -0.9575986 1.956122 1.921775 -0.9545703 1.956122 1.921971 -0.952661 1.956122 1.924145 -0.9528573 1.956122 1.927173 -0.9597727 1.958685 1.923684 -0.9599691 1.958685 1.926712 -0.9580597 1.958685 1.928886 -0.9550314 1.958685 1.929083 -0.9528573 1.958685 1.927173 -0.952661 1.958685 1.924145 -0.9545703 1.958685 1.921971 -0.9575986 1.958685 1.921775 -0.04190152 1.992298 0.7231824 -0.04147773 1.992298 0.7255334 -0.04330176 1.992298 0.7270758 -0.04554969 1.992298 0.7262673 -0.04597347 1.992298 0.7239165 -0.04414945 1.992298 0.722374 -0.03916233 1.98625 0.720866 -0.03810197 1.98625 0.7267474 -0.0426653 1.98625 0.7306063 -0.04828888 1.98625 0.7285839 -0.04934924 1.98625 0.7227025 -0.04478597 1.98625 0.7188435 -0.9539381 1.992298 1.275254 -0.9553343 1.992298 1.277192 -0.9577111 1.992298 1.276952 -0.9586917 1.992298 1.274774 -0.9572955 1.992298 1.272835 -0.9549188 1.992298 1.273075 -0.9503689 1.98625 1.275614 -0.9538618 1.98625 1.280463 -0.9598079 1.98625 1.279863 -0.962261 1.98625 1.274413 -0.958768 1.98625 1.269564 -0.9528221 1.98625 1.270164 -0.9539262 1.992298 1.325307 -0.9550996 1.992298 1.327388 -0.9574883 1.992298 1.327412 -0.9587036 1.992298 1.325355 -0.9575303 1.992298 1.323274 -0.9551416 1.992298 1.32325 -0.9503391 1.98625 1.32527 -0.9532745 1.98625 1.330476 -0.9592503 1.98625 1.330537 -0.9622909 1.98625 1.325392 -0.9593554 1.98625 1.320186 -0.9533794 1.98625 1.320125 -0.9544927 1.992298 0.2231545 -0.9540662 1.992298 0.2255049 -0.9558883 1.992298 0.2270497 -0.9581373 1.992298 0.2262438 -0.9585639 1.992298 0.2238935 -0.9567417 1.992298 0.2223486 -0.9517564 1.98625 0.2208347 -0.950689 1.98625 0.2267147 -0.9552477 1.98625 0.2305793 -0.9608736 1.98625 0.2285637 -0.9619411 1.98625 0.2226836 -0.9573825 1.98625 0.2188191 -0.9546714 1.992298 0.1226391 -0.9539919 1.992298 0.1249295 -0.9556357 1.992298 0.1266629 -0.9579587 1.992298 0.1261061 -0.9586381 1.992298 0.123816 -0.9569943 1.992298 0.1220824 -0.9522029 1.98625 0.1200361 -0.9505034 1.98625 0.1257655 -0.9546155 1.98625 0.1301022 -0.9604272 1.98625 0.1287093 -0.9621266 1.98625 0.1229798 -0.9580145 1.98625 0.1186432 -0.04283273 1.992298 0.1221569 -0.04136031 1.992298 0.1240379 -0.04225307 1.992298 0.1262538 -0.04461836 1.992298 0.1265885 -0.04609084 1.992298 0.1247074 -0.04519802 1.992298 0.1224915 -0.0414921 1.98625 0.1188294 -0.03780823 1.98625 0.1235353 -0.04004168 1.98625 0.1290785 -0.04595911 1.98625 0.1299159 -0.04964286 1.98625 0.12521 -0.04740941 1.98625 0.1196668 -0.9577913 1.992298 1.92355 -0.9554267 1.992298 1.923211 -0.9539504 1.992298 1.925089 -0.9548389 1.992298 1.927307 -0.9572035 1.992298 1.927646 -0.9586798 1.992298 1.925768 -0.9600083 1.98625 1.92073 -0.9540925 1.98625 1.919881 -0.9503995 1.98625 1.92458 -0.9526219 1.98625 1.930127 -0.9585376 1.98625 1.930976 -0.9622308 1.98625 1.926278 -0.04141318 1.992298 1.824335 -0.04205018 1.992298 1.826637 -0.04436254 1.992298 1.827237 -0.04603797 1.992298 1.825534 -0.04540103 1.992298 1.823231 -0.04308861 1.992298 1.822632 -0.03794062 1.98625 1.823434 -0.03953415 1.98625 1.829194 -0.04531908 1.98625 1.830694 -0.04951053 1.98625 1.826434 -0.04791706 1.98625 1.820674 -0.04213207 1.98625 1.819174</float_array>
          <technique_common>
            <accessor source="#Realistic_Lowpoly_Rack-mesh-positions-array" count="1304" stride="3">
              <param name="X" type="float"/>
              <param name="Y" type="float"/>
              <param name="Z" type="float"/>
            </accessor>
          </technique_common>
        </source>
        <source id="Realistic_Lowpoly_Rack-mesh-normals">
          <float_array id="Realistic_Lowpoly_Rack-mesh-normals-array" count="3723">-0.301517 0.3015187 -0.9045297 0.5773563 -0.5773482 -0.5773465 -0.3015112 -0.301513 -0.9045336 -0.5773496 -0.5773527 -0.5773486 -0.3015152 -0.3015148 0.9045316 -0.577349 0.5773531 0.577349 0.577359 0.5773632 -0.5773288 -0.5773509 0.57735 -0.57735 -0.5773508 -0.5773518 0.5773484 -0.5773584 -0.5773584 -0.5773342 0.5773495 -0.5773536 0.5773478 -0.5773503 -0.5773503 0.5773503 -0.5773572 0.5773606 0.577333 -0.3015141 0.3015136 0.9045324 0.5773658 0.5773577 0.5773274 -0.5773519 0.5773495 -0.5773495 0.301517 0.3015187 -0.9045297 -0.5773563 -0.5773482 -0.5773465 -0.577359 0.5773631 -0.5773288 0.3015152 -0.3015148 0.9045316 0.5773496 -0.5773527 -0.5773486 0.3015112 -0.301513 -0.9045336 0.577349 0.5773531 0.577349 0.5773509 0.57735 -0.57735 0.5773508 -0.5773518 0.5773484 0.5773584 -0.5773584 -0.5773342 -0.5773496 -0.5773536 0.5773478 0.5773503 -0.5773503 0.5773503 0.5773572 0.5773606 0.577333 0.3015141 0.3015136 0.9045324 -0.5773658 0.5773577 0.5773274 0.5773519 0.5773495 -0.5773495 -0.301517 -0.3015187 -0.9045297 0.5773563 0.5773482 -0.5773464 0.577359 -0.5773631 -0.5773287 -0.3015152 0.3015148 0.9045316 -0.5773496 0.5773527 -0.5773486 -0.3015112 0.301513 -0.9045336 -0.577349 -0.5773531 0.577349 -0.5773509 -0.57735 -0.57735 -0.5773508 0.5773518 0.5773484 -0.5773584 0.5773584 -0.5773341 0.5773496 0.5773536 0.5773477 -0.5773503 0.5773503 0.5773503 -0.5773573 -0.5773606 0.577333 -0.3015141 -0.3015136 0.9045324 0.5773658 -0.5773577 0.5773274 -0.5773519 -0.5773495 -0.5773495 0.301517 -0.3015187 -0.9045297 -0.5773563 0.5773482 -0.5773463 0.3015112 0.301513 -0.9045336 0.5773496 0.5773527 -0.5773486 0.3015152 0.3015148 0.9045316 0.577349 -0.5773531 0.577349 -0.5773591 -0.5773631 -0.5773288 0.5773509 -0.57735 -0.57735 0.5773508 0.5773518 0.5773484 0.5773584 0.5773584 -0.5773341 -0.5773496 0.5773535 0.5773477 0.5773503 0.5773503 0.5773503 0.5773573 -0.5773606 0.577333 0.3015141 -0.3015136 0.9045324 -0.5773658 -0.5773577 0.5773274 0.5773519 -0.5773495 -0.5773495 -0.5773526 -0.5773492 0.5773492 -0.5773526 0.5773492 -0.5773492 -0.5773532 -0.5773613 -0.5773364 -0.5773532 0.5773613 0.5773364 0.5773532 0.5773612 -0.5773364 0.5773526 0.5773491 0.5773492 0.5773526 -0.5773491 -0.5773492 0.5773532 -0.5773612 0.5773364 0.577358 0.5773549 0.5773379 0.5773528 -0.577349 -0.5773492 0.5773531 0.5773615 -0.5773364 0.5773478 -0.5773556 0.5773476 -0.5773531 -0.5773615 -0.5773364 -0.577358 -0.577355 0.5773379 -0.5773527 0.5773491 -0.5773492 -0.5773478 0.5773556 0.5773476 0.5773526 0.5773491 -0.5773492 0.5773526 -0.5773491 0.5773492 0.5773532 -0.5773612 -0.5773364 -0.5773532 0.5773613 -0.5773364 0.5773532 0.5773612 0.5773364 -0.5773526 -0.5773492 -0.5773492 -0.5773526 0.5773492 0.5773492 -0.5773532 -0.5773613 0.5773364 -0.5773476 0.5773496 0.5773536 0.5773693 -0.5773387 0.5773428 0.5773475 0.5773568 0.5773466 -0.5773693 -0.5773459 0.5773356 0.5773457 -0.5773509 -0.5773543 -0.5773676 0.57734 -0.5773434 0.5773724 0.5773377 -0.5773407 -0.5773506 -0.5773486 -0.5773518 0.5773451 0.5773544 0.5773513 -0.5773693 -0.5773387 0.5773428 0.5773693 -0.5773459 0.5773356 -0.5773482 -0.5773534 -0.5773493 -0.57735 0.5773521 0.5773488 0.5773481 -0.5773461 -0.5773566 0.7839707 -0.5773403 -0.2281852 -0.2281957 0.5773458 -0.7839634 0.7839566 0.5773532 -0.2282004 -0.7839547 -0.5773563 0.228199 0.228197 -0.5773496 0.7839602 -0.7839687 0.5773437 0.2281829 0.2282251 0.5773407 0.7839587 -0.2282243 -0.5773373 -0.7839614 0.7839723 -0.5773391 0.2281825 -0.2281936 0.5773542 0.7839578 -0.2282221 -0.5773455 0.7839561 0.2281938 -0.5773513 -0.7839601 -0.7839602 -0.5773487 -0.2281996 0.228222 0.5773423 -0.7839583 -0.7839742 0.577336 -0.2281838 0.2282195 -0.5773434 0.7839584 -0.783958 0.57735 0.228204 -0.7839718 -0.5773411 0.2281792 -0.2281988 -0.5773533 -0.783957 0.2281994 0.5773566 0.7839544 -0.2282195 0.5773404 -0.7839605 0.7839598 -0.5773473 -0.2282043 0.7839736 0.577338 -0.2281803 0.5773475 0.5773511 0.5773524 -0.5773696 -0.577337 0.5773443 0.5773696 -0.5773442 0.577337 0.5773676 0.5773385 -0.5773448 -0.5773475 0.5773583 0.577345 -0.5773454 -0.5773527 -0.5773528 0.5773503 -0.5773503 -0.5773503 -0.5773725 0.5773362 -0.5773423 -0.5773475 0.5773511 0.5773524 0.5773672 -0.5773418 0.5773419 0.5773475 0.5773583 0.577345 -0.5773701 0.577341 -0.5773398 -0.5773721 -0.5773394 0.5773394 0.57737 0.5773337 -0.5773472 -0.2281968 -0.5773472 -0.783962 0.7839712 0.5773385 -0.2281876 0.7839554 -0.5773551 -0.2281995 -0.7839536 0.577357 0.2282012 0.2281997 0.5773517 0.7839579 -0.7839696 -0.5773417 0.2281853 0.2282261 -0.577339 0.7839595 -0.2282255 0.5773365 -0.7839617 -0.228219 -0.5773416 0.7839597 0.7839572 0.5773515 0.2282027 -0.2281993 0.5773579 0.7839534 0.2282183 0.5773391 -0.7839618 -0.7839745 0.5773364 -0.2281814 0.2281984 -0.5773547 -0.7839561 -0.7839592 -0.5773485 -0.2282034 0.7839727 -0.5773397 0.2281792 -0.7839725 -0.5773376 0.2281852 0.2281965 0.5773538 0.7839573 -0.7839576 0.5773539 0.2281951 -0.2282225 0.5773389 -0.7839607 -0.2281953 -0.5773524 -0.7839586 0.2282239 -0.5773435 0.7839568 0.7839753 0.5773352 -0.228182 -0.301518 0.904531 -0.3015137 -0.7318077 0.6662438 0.1434461 -0.301508 0.9045363 0.301508 -0.5773536 0.5773453 0.5773519 -0.7071119 0 0.7071017 -0.7071068 0 0.7071068 -0.3015133 0.9045316 0.3015167 0.5773273 0.5773536 0.57737 0.3015146 0.9045338 0.3015091 -0.7071078 0 0.7071058 0.7070906 0.7071231 0 0.3015059 0.904536 -0.3015108 0 1 0 -0.1461817 0.6655371 0.7319094 0 1 0 0.5773305 0.5773469 -0.5773734 -0.1444059 0.6660091 -0.7318325 -0.7071012 0 -0.7071125 -0.301589 -0.3014551 0.9045269 -0.6788522 -0.09582364 0.7279956 -1 0 0 -0.6532266 -0.3785837 0.6557206 0 -1 -3.53008e-7 -0.1461757 -0.6655545 0.7318947 -0.7318822 0.6656939 -0.1456029 -0.7318056 -0.6662458 0.1434478 -0.7318706 -0.6657102 -0.1455863 -0.3015068 -0.3015227 -0.9045318 -0.1444246 -0.6660025 -0.7318348 0 -1 -1.87179e-7 0.6659899 -0.1444571 -0.7318399 1 0 0 0.6788542 -0.09582298 0.7279938 0.6532266 -0.3785807 0.6557224 1 0 0 -0.6660014 -0.1444514 -0.7318306 -0.6659914 -0.7318388 -0.1444563 -0.5482859 0.6299849 -0.5500016 -0.678883 -0.7279657 0.09583228 -0.6532121 -0.6557276 0.3785967 0.6788771 -0.7279711 0.09583407 -0.5511339 -0.6299151 0.5472279 0.7071027 0 0.7071108 -0.5483157 -0.6299842 -0.5499727 -0.5511463 0.6299144 0.5472162 -0.6297523 -0.5492715 -0.5492839 0.6297523 -0.5492842 -0.5492714 0.6532117 -0.6557256 0.3786007 0.6660039 -0.7318284 -0.1444513 0.7071129 0 -0.7071007 0.7318075 0.6662449 0.1434417 0.301518 0.9045311 -0.3015137 0.301508 0.9045363 0.301508 0.7071119 0 0.7071017 0.5773536 0.5773453 0.577352 0.7071068 0 0.7071068 -0.5773206 0.5773569 0.5773733 0.3015133 0.9045318 0.3015162 -0.3015146 0.9045336 0.3015094 0.7071078 0 0.7071059 -0.7070905 0.7071231 0 -0.3015059 0.904536 -0.3015108 0.14618 0.6655375 0.7319094 0 1 0 0 1 0 0.1444057 0.6660087 -0.731833 -0.5773355 0.5773445 -0.5773709 0.7071012 0 -0.7071125 0.3016 -0.3014755 0.9045164 0.678852 -0.09582149 0.7279961 0.6532304 -0.3785668 0.6557265 1 3.13885e-6 0 0 -1 -2.34817e-7 0.1461737 -0.665555 0.7318947 0.7318053 -0.6662468 0.1434439 0.7318823 0.6656939 -0.1456018 0.7318708 -0.6657103 -0.1455853 0.301499 -0.3015019 -0.9045413 0.1444246 -0.6660025 -0.7318348 0 -1 2.35569e-7 -0.6659902 -0.1444557 -0.73184 -1 -1.26009e-5 0 -0.6532234 -0.3785918 0.6557191 -0.6788539 -0.0958265 0.7279936 -1 3.58291e-7 0 1 3.76137e-6 0 0.6660017 -0.1444383 -0.7318329 0.6659914 -0.7318385 -0.1444575 0.6788834 -0.7279647 0.09583735 0.5482859 0.6299849 -0.5500016 0.6532178 -0.6557183 0.378603 -0.6788706 -0.7279772 0.09583359 0.5511364 -0.6299137 0.5472272 -0.7071027 0 0.7071108 0.548316 -0.6299846 -0.5499718 0.5511492 0.6299132 0.5472148 0.6297556 -0.549263 -0.5492888 -0.6297515 -0.5492852 -0.5492712 -0.6532061 -0.6557344 0.3785952 -0.6660039 -0.7318282 -0.1444525 -0.7071129 0 -0.7071007 -0.7318093 -0.6662444 0.1434348 -0.301518 -0.904531 -0.3015137 -0.301508 -0.9045363 0.301508 -0.5773536 -0.5773453 0.5773519 0.577328 -0.5773544 0.5773685 -0.3015148 -0.904536 0.3015023 0.3015146 -0.9045336 0.3015094 0.7070906 -0.7071231 0 0.3015059 -0.904536 -0.3015111 -0.146188 -0.6655382 0.7319071 0 -1 -3.7571e-6 0 -1 3.53105e-5 -0.1444099 -0.666042 -0.7318018 0.5773096 -0.5773578 -0.5773835 -0.301589 0.3014551 0.9045269 -0.6788521 0.09582239 0.7279958 -0.6532261 0.3785644 0.6557323 0 1 -3.90075e-6 -0.146182 0.6655552 0.7318928 -0.7318072 0.6662462 0.1434378 -0.7318826 -0.6656936 -0.1456022 -0.7318668 0.6657105 -0.1456044 -0.3015497 0.3015184 -0.904519 -0.14441 0.6660049 -0.7318356 0 1 1.57769e-6 0.6659885 0.1444616 -0.7318403 1 0 0 0.6532291 0.3786025 0.6557072 0.6788551 0.09583413 0.7279916 1 0 0 -0.6660008 0.1444455 -0.7318323 -0.6659918 0.7318374 -0.144461 -0.6788823 0.727968 0.09582042 -0.5482921 -0.6300045 -0.549973 -0.6532185 0.6557114 0.3786135 0.6788762 0.7279735 0.09582149 -0.5511437 0.6299172 0.5472157 -0.5482893 0.6299875 -0.5499951 -0.5511566 -0.6299172 0.5472028 -0.6297448 0.5492564 -0.5493078 0.6297479 0.5492937 -0.5492668 0.6532135 0.6557314 0.3785877 0.6660019 0.7318341 -0.1444314 0.301518 -0.9045311 -0.3015134 0.7318125 -0.6662455 0.1434137 0.301508 -0.9045364 0.3015077 0.5773536 -0.5773453 0.577352 0.3015131 -0.9045314 0.3015174 -0.5773241 -0.5773505 0.5773762 -0.3015136 -0.9045307 0.3015193 -0.7070905 -0.7071231 0 -0.301506 -0.9045361 -0.3015107 0 -1 -7.97554e-6 0.1461777 -0.665537 0.7319102 0 -1 1.39204e-5 -0.5773224 -0.577351 -0.5773776 0.1444026 -0.6660082 -0.7318341 0.3015867 0.3014767 0.9045205 0.6788522 0.09582293 0.7279958 1 -3.2232e-6 0 0.6532269 0.3785618 0.6557329 0 1 -1.12712e-5 0.1461617 0.6655537 0.7318983 0.7318862 -0.6656969 -0.1455687 0.7318095 0.6662487 0.1434143 0.7318704 0.6657138 -0.1455713 0.3015253 0.3014993 -0.9045335 0.1444091 0.666001 -0.7318392 0 1 1.13073e-5 -0.665988 0.1444473 -0.7318435 -1 1.26009e-5 0 -0.6788536 0.0958153 0.7279953 -0.6532262 0.3786033 0.6557096 -1 -3.58291e-7 0 0.6660009 0.1444299 -0.7318353 1 -3.65367e-6 0 0.6659897 0.7318432 -0.1444411 0.5482919 -0.6300044 -0.5499732 0.6788827 0.7279667 0.09582668 0.6532244 0.6556991 0.3786248 -0.67887 0.727979 0.09582364 0.551142 0.6299235 0.5472102 0.5483007 0.6300006 -0.5499687 0.5511648 -0.6299193 0.547192 0.629761 0.5492655 -0.5492799 -0.6297572 0.5492879 -0.5492622 -0.6532078 0.6557362 0.378589 -0.6660022 0.731833 -0.1444357 -0.3015179 0.9045311 -0.3015137 -0.7318076 0.6662439 0.143446 -0.3015079 0.9045364 0.3015078 -0.5773537 0.5773453 0.5773519 0.5773269 0.5773534 0.5773705 0.3015147 0.9045336 0.3015092 -0.7071078 0 0.7071059 0.7070907 0.7071229 0 0.3015059 0.9045361 -0.3015108 0 1 0 -0.1462059 0.6655396 0.7319024 0 1 0 0.5773326 0.5773454 -0.5773729 -0.1444054 0.6660121 -0.7318299 -0.7071011 0 -0.7071125 -0.3015882 -0.3014563 0.9045267 -0.6788594 -0.09579938 0.727992 -0.6532158 -0.3785825 0.6557321 -0.1462 -0.6655571 0.7318876 -0.7318825 0.6656946 -0.1455978 -0.7318041 -0.6662463 0.1434528 -0.7318666 -0.6657125 -0.1455962 -0.3015035 -0.301523 -0.9045328 -0.1444057 -0.6660036 -0.7318376 0 -1 -1.87177e-7 0.6659879 -0.1444654 -0.7318401 1 0 0 0.6788614 -0.09579867 0.7279903 0.6532157 -0.3785794 0.6557339 1 0 0 -0.6659993 -0.1444598 -0.7318308 -0.6659905 -0.731839 -0.1444597 -0.5482851 0.6299884 -0.5499983 -0.6788831 -0.7279657 0.09583228 -0.6532166 -0.6557335 0.3785786 0.6788771 -0.727971 0.09583407 -0.5511491 -0.6299076 0.5472214 -0.5482891 -0.6299884 -0.5499943 -0.5511646 0.629908 0.5472052 -0.6297549 -0.5492737 -0.549279 0.6297549 -0.5492862 -0.5492665 0.6532163 -0.6557315 0.3785827 0.666003 -0.7318285 -0.1444547 0.7318074 0.666245 0.1434417 0.301518 0.9045311 -0.3015137 0.3015079 0.9045364 0.3015079 -0.5773334 0.5773501 0.5773673 -0.3015146 0.9045337 0.3015094 0.7071077 0 0.7071059 -0.7070905 0.7071231 0 -0.3015059 0.9045361 -0.3015108 0.1462042 0.6655399 0.7319023 0 1 0 0 1 0 0.1444053 0.6660116 -0.7318304 -0.577329 0.5773478 -0.5773742 0.7071011 0 -0.7071125 0.3015729 -0.3014793 0.9045243 0.6788594 -0.09579777 0.7279924 0.6532198 -0.3785673 0.6557368 1 3.13852e-6 0 0.1461979 -0.6655575 0.7318876 0.7318039 -0.6662473 0.143449 0.7318826 0.6656947 -0.1455967 0.7318667 -0.6657126 -0.1455952 0.3015123 -0.3015006 -0.9045373 0.1444057 -0.6660036 -0.7318376 0 -1 2.35558e-7 -0.6659892 -0.1444486 -0.7318422 -1 -7.90843e-6 0 -0.6532188 -0.3785824 0.6557291 -0.6788635 -0.0957843 0.7279902 -1 7.88115e-6 0 1 3.76143e-6 0 0.6659994 -0.144445 -0.7318336 0.6659902 -0.7318395 -0.1444576 0.5482851 0.6299884 -0.5499983 0.6532229 -0.6557217 0.3785881 -0.6788706 -0.7279772 0.09583359 0.5511515 -0.6299061 0.5472206 0.5482894 -0.6299889 -0.5499935 0.5511675 0.6299067 0.5472038 0.6297564 -0.5492619 -0.549289 -0.6297604 -0.5492799 -0.5492663 -0.6532101 -0.6557433 0.3785731 -0.6660016 -0.7318321 -0.1444426 -0.7318063 -0.6662455 0.1434449 -0.3015179 -0.9045311 -0.3015137 -0.3015079 -0.9045364 0.3015079 -0.5773536 -0.5773453 0.5773519 0.5773391 -0.5773484 0.5773633 0.3015147 -0.9045336 0.3015095 0.7070907 -0.7071229 0 0.3015059 -0.904536 -0.3015111 -0.1462 -0.6655395 0.7319036 0 -1 -3.7571e-6 0 -1 3.53102e-5 -0.1444094 -0.666045 -0.7317992 0.5773295 -0.5773472 -0.5773741 -0.3015652 0.3014585 0.9045336 -0.6788594 0.09579813 0.7279922 -0.6532153 0.3785631 0.6557438 -0.7318043 0.6662473 0.1434478 -0.7318814 -0.6656949 -0.1456021 -0.7318627 0.6657128 -0.1456143 -0.3015101 0.3015224 -0.9045308 -0.1444034 0.6660072 -0.7318348 0 1 1.57772e-6 0.6659882 0.1444696 -0.7318391 1 0 0 0.6532182 0.3786012 0.6557188 0.6788632 0.09580969 0.7279872 1 0 0 -0.6659986 0.1444538 -0.7318326 -0.6659909 0.7318375 -0.1444644 -0.6788823 0.727968 0.09582042 -0.5482958 -0.630003 -0.5499709 -0.653223 0.6557174 0.3785954 0.6788762 0.7279735 0.09582149 -0.5511481 0.6299123 0.5472168 -0.5482813 0.6299853 -0.5500057 -0.5511717 -0.6299096 0.5471962 -0.6297473 0.5492585 -0.5493028 0.6297505 0.5492958 -0.5492618 0.653218 0.6557372 0.3785696 0.666001 0.7318343 -0.1444348 0.3015179 -0.9045311 -0.3015134 0.7318095 -0.6662466 0.1434237 0.301508 -0.9045365 0.3015076 0.3015132 -0.9045314 0.3015174 -0.5773368 -0.5773438 0.5773702 -0.3015136 -0.9045307 0.3015193 -0.3015059 -0.9045361 -0.3015106 0.1461896 -0.6655383 0.7319067 0 -1 1.39198e-5 -0.5773305 -0.5773469 -0.5773735 0.1444021 -0.6660112 -0.7318314 0.3015597 0.3014805 0.9045282 0.6788594 0.0957992 0.7279921 1 -3.22287e-6 0 0.6532162 0.3785623 0.6557433 0.7318851 -0.6656982 -0.1455686 0.7318066 0.6662497 0.1434243 0.7318663 0.6657161 -0.1455812 0.3015088 0.3015009 -0.9045384 0.1444026 0.6660032 -0.7318385 0 1 1.13068e-5 -0.6659885 0.1444399 -0.7318446 -1 7.90843e-6 0 -0.6788632 0.0957731 0.7279919 -0.6532217 0.378594 0.6557196 -1 -7.88115e-6 0 0.6659986 0.1444365 -0.7318361 1 -3.65373e-6 0 0.6659885 0.7318443 -0.1444412 0.5482957 -0.6300029 -0.5499711 0.6532295 0.6557026 0.37861 -0.67887 0.7279791 0.09582364 0.5511465 0.6299186 0.5472112 0.5482926 0.6299983 -0.5499793 0.5511799 -0.6299118 0.5471854 0.6297618 0.5492645 -0.5492801 -0.6297659 0.5492826 -0.5492573 -0.6532118 0.655745 0.3785669 -0.666 0.731837 -0.1444258 -0.301518 0.9045311 -0.3015137 -0.7318069 0.6662439 0.1434499 -0.3015079 0.9045364 0.3015079 0.5773367 0.5773486 0.5773655 0.3015147 0.9045337 0.3015092 0.7070907 0.7071229 0 0 1 0 -0.1461983 0.6655387 0.7319045 0 1 0 0.5773363 0.5773435 -0.5773711 -0.1443992 0.6660115 -0.7318317 -0.3015686 -0.301458 0.9045328 -0.6788585 -0.09580224 0.7279925 -1 0 0 -0.6532177 -0.3785803 0.6557314 0 -1 -3.53008e-7 -0.1461939 -0.6655564 0.7318894 -0.7318824 0.6656945 -0.1455987 -0.7318044 -0.6662459 0.1434528 -0.731868 -0.6657119 -0.1455919 -0.301496 -0.3015238 -0.9045351 -0.1444064 -0.6660037 -0.7318373 0 -1 -1.87177e-7 0.6659893 -0.1444612 -0.7318397 1 0 0 0.6788613 -0.09580147 0.72799 0.6532176 -0.3785774 0.6557332 1 0 0 -0.6660004 -0.1444556 -0.7318307 -1 0 0 -0.6659908 -0.7318388 -0.1444584 -0.5482817 0.6299871 -0.5500033 -0.6532155 -0.655732 0.3785831 0.6788769 -0.7279711 0.09583407 -0.5511445 -0.6299105 0.5472227 -0.5482952 -0.6299867 -0.5499902 -0.5511564 0.6299104 0.5472108 -0.6297537 -0.5492722 -0.5492816 0.6297537 -0.5492848 -0.5492691 0.6532151 -0.65573 0.3785871 0.6660034 -0.7318285 -0.1444534 0.7318066 0.6662451 0.1434455 0.3015079 0.9045364 0.3015079 -0.5773353 0.5773494 0.5773661 0.3015133 0.9045318 0.3015163 -0.7070906 0.7071231 0 -0.3015059 0.904536 -0.3015108 0.1461967 0.6655392 0.7319045 0 1 0 0 1 0 0.1443991 0.6660109 -0.7318322 -0.5773355 0.5773445 -0.5773709 0.3015689 -0.3014795 0.9045255 0.6788584 -0.09580057 0.7279929 0.6532214 -0.3785661 0.6557359 1 3.2894e-6 0 0 -1 -2.34815e-7 0.1461919 -0.6655569 0.7318894 0.7318042 -0.666247 0.143449 0.7318825 0.6656946 -0.1455976 0.7318682 -0.6657119 -0.1455908 0.3014991 -0.3015006 -0.9045418 0.1444064 -0.6660037 -0.7318375 0 -1 2.35572e-7 -0.6659893 -0.144462 -0.7318394 -1 -1.22212e-5 0 -0.653217 -0.3785801 0.6557322 -0.6788613 -0.09580332 0.7279898 -1 3.5829e-7 0 1 5.48457e-6 0 0.6660003 -0.1444386 -0.7318341 0.6659907 -0.7318391 -0.1444576 0.5482817 0.6299871 -0.5500033 0.6532211 -0.655723 0.3785889 -0.6788639 -0.7279835 0.09583258 0.5511469 -0.629909 0.5472219 0.5482956 -0.6299871 -0.5499894 0.5511592 0.6299091 0.5472094 0.6297569 -0.5492669 -0.5492833 -0.6297515 -0.5492946 -0.5492619 -0.6532098 -0.6557387 0.3785813 -0.6660031 -0.7318288 -0.1444526 -0.7318078 -0.6662448 0.1434412 -0.301518 -0.9045311 -0.3015137 -0.3015079 -0.9045364 0.3015079 0.577336 -0.5773501 0.5773648 0.3015147 -0.9045336 0.3015095 0.7070907 -0.7071229 0 -0.1462002 -0.6655395 0.7319035 0 -1 -3.7571e-6 0 -1 3.53103e-5 -0.1444017 -0.6660442 -0.7318015 0.577336 -0.577344 -0.5773708 -0.3015716 0.3014577 0.9045318 -0.6788584 0.09580105 0.7279928 -0.6532171 0.3785609 0.6557431 -1 0 0 0 1 -3.90075e-6 -0.1461941 0.6655564 0.7318893 -0.7318052 0.6662467 0.1434453 -0.7318819 -0.6656946 -0.1456012 -0.731863 0.6657125 -0.1456137 -0.3014969 0.3015238 -0.9045348 -0.1444011 0.6660069 -0.7318354 0 1 1.57773e-6 0.6659898 0.1444654 -0.7318384 1 0 0 0.6532202 0.3785992 0.6557181 0.678862 0.09581261 0.7279879 1 0 0 -1 0 0 -0.6659997 0.1444497 -0.7318325 -0.6659913 0.7318375 -0.1444631 -0.5482945 -0.6300039 -0.5499711 -0.6532219 0.655716 0.3786 0.6788762 0.7279735 0.09582149 -0.5511485 0.629913 0.5472156 -0.5482845 0.6299849 -0.5500028 -0.5511623 -0.6299133 0.5472015 -0.6297461 0.549257 -0.5493054 0.6297494 0.5492945 -0.5492645 0.6532169 0.6557358 0.3785741 0.6660013 0.7318342 -0.1444335 0.301518 -0.9045312 -0.3015135 0.7318109 -0.6662459 0.1434201 -0.5773334 -0.5773458 0.5773717 -0.7070906 -0.7071231 0 -0.3015059 -0.9045361 -0.3015107 0 -1 -7.9755e-6 0.1461898 -0.6655383 0.7319067 0 -1 1.39207e-5 -0.5773355 -0.5773444 -0.5773709 0.1443944 -0.6660104 -0.7318337 0.3015664 0.3014795 0.9045263 0.6788585 0.095802 0.7279926 1 -3.37375e-6 0 0.6532178 0.378561 0.6557424 0 1 -1.12711e-5 0.1461738 0.665555 0.7318947 0.7318855 -0.6656979 -0.1455677 0.7318075 0.6662492 0.1434218 0.7318666 0.6657159 -0.1455806 0.3014989 0.3015006 -0.9045419 0.1444002 0.666003 -0.7318392 0 1 1.13075e-5 -0.6659885 0.1444534 -0.731842 -1 1.22212e-5 0 -0.6788606 0.09579223 0.7279919 -0.6532199 0.3785916 0.6557227 -1 -3.5829e-7 0 0.6659994 0.1444301 -0.7318366 1 -5.37687e-6 0 0.6659889 0.7318439 -0.1444412 0.5482944 -0.6300038 -0.5499713 0.6532277 0.6557039 0.3786107 -0.6788632 0.7279855 0.09582269 0.5511471 0.6299192 0.54721 0.548296 0.629998 -0.5499765 0.5511705 -0.6299154 0.5471908 0.6297624 0.5492694 -0.5492745 -0.6297571 0.5492972 -0.5492529 -0.6532116 0.6557404 0.3785751 -0.6660014 0.7318336 -0.1444358 0.8488118 0.5101252 -0.1388917 0.3793764 0.8006804 0.4636641 0.5446807 0.5101335 0.6656478 -0.2118684 0.8006651 0.5603992 -0.3041416 0.5101353 0.8045247 -0.8488076 0.5101365 0.1388759 -0.3793706 0.8006815 -0.4636672 -0.5446742 0.5101422 -0.6656464 -0.5912564 0.8006622 0.09672659 0.591229 0.8006804 -0.09674334 0.2118458 0.8006685 -0.5604029 0.30412 0.5101386 -0.8045307 0.1482596 -0.6302585 -0.762098 0.6437373 -0.630234 -0.4340593 -0.6437383 -0.6302278 0.4340668 0.7621115 -0.630245 0.1482477 0.8291308 0 -0.5590549 0.9815958 0 0.1909705 -0.7621088 -0.6302472 -0.1482525 -0.8291345 0 0.5590493 -0.9815953 0 -0.1909732 -0.1482539 -0.6302639 0.7620946 0.5590446 0 0.8291376 -0.1909755 0 0.9815949 -0.4340592 -0.630259 -0.6437129 -0.5590718 0 -0.8291193 0.4340557 -0.6302508 0.6437234 0.1909568 0 -0.9815984 0.4318961 0.8006746 -0.4151939 0.8262342 0.5101335 0.2389582 0.6200569 0.5101386 -0.5960605 0.5755174 0.8006733 0.1664397 0.2061826 0.5101227 0.8350231 0.1436164 0.8006694 0.5816382 -0.6200585 0.5101286 0.5960674 -0.4319195 0.8006701 0.4151782 -0.8262404 0.5101234 -0.2389582 -0.5755127 0.800673 -0.1664569 -0.2061786 0.5101293 -0.8350201 -0.1435981 0.8006787 -0.5816299 0.004237771 -0.6302615 -0.7763715 0.55199 -0.63023 -0.5460012 -0.5519847 -0.6302258 0.5460114 0.7763847 -0.6302452 0.004226267 0.7109676 0 -0.7032248 0.9999852 0 0.005466699 -0.7763819 -0.6302487 -0.004230678 -0.7109639 0 0.7032285 -0.999985 0 -0.005470156 -0.004213333 -0.6302623 0.7763708 0.7032269 0 0.7109655 -0.005453824 0 0.9999852 -0.5459944 -0.630253 -0.5519706 -0.7032347 0 -0.7109578 0.5459899 -0.630255 0.5519726 0.005479156 0 -0.999985 0.4054055 -0.6302643 -0.6621279 0.7548838 -0.6302303 -0.1815499 -0.7548831 -0.6302321 0.181546 0.6621469 -0.6302448 0.4054049 0.9722816 0 -0.233813 0.8528347 0 0.522181 -0.6621471 -0.6302447 -0.4054046 -0.9722828 0 0.2338085 -0.8528358 0 -0.5221793 -0.405399 -0.6302592 0.6621367 0.233807 0 0.9722831 -0.5221787 0 0.8528362 -0.1815238 -0.6302518 -0.7548721 -0.2337865 0 -0.972288 0.18154 -0.6302559 0.7548646 0.5221899 0 -0.8528293 0.377391 -0.6302579 -0.6784917 0.7466403 -0.6302303 -0.2129275 -0.7466402 -0.6302304 0.2129277 0.678501 -0.6302444 0.3773971 0.961667 0 -0.2742204 0.8738968 0 0.4861116 -0.6784793 -0.6302522 -0.3774231 -0.9616659 0 0.2742238 -0.8738979 0 -0.4861096 -0.3773699 -0.6302624 0.6784993 0.2742361 0 0.9616624 -0.4861054 0 0.8739002 -0.2129065 -0.6302586 -0.7466224 -0.2742483 0 -0.961659 0.2129522 -0.6302482 0.7466181 0.486105 0 -0.8739004 0.586201 -0.6302582 -0.5090609 0.7744874 -0.6302336 0.05454528 -0.7744872 -0.6302336 -0.05454587 0.5091019 -0.6302407 0.5861842 0.9975293 0 0.07025313 0.6556958 0 0.7550253 -0.5091017 -0.6302404 -0.5861846 -0.9975292 0 -0.07025378 -0.6556959 0 -0.7550251 -0.5862014 -0.630258 0.5090606 -0.07029002 0 0.9975267 -0.755047 0 0.6556708 0.05453628 -0.6302585 -0.7744676 0.07028973 0 -0.9975267 -0.05453652 -0.6302587 0.7744675 0.7550466 0 -0.6556713 0.7701066 -0.6302581 0.09854346 0.4748992 -0.6302322 0.6142297 -0.474923 -0.630222 -0.6142219 -0.09849786 -0.6302496 0.7701193 0.6116408 0 0.7911357 -0.1269003 0 0.9919155 0.09851056 -0.630248 -0.7701191 -0.6116433 0 -0.7911337 0.1269418 0 -0.9919102 -0.7701041 -0.6302643 -0.09852266 -0.7911319 0 0.6116457 -0.9919121 0 -0.126927 0.6142165 -0.6302554 -0.4748856 0.791136 0 -0.6116403 -0.6142215 -0.630246 0.4748917 0.9919114 0 0.1269325 0.003239214 -0.6302586 -0.7763785 0.5512792 -0.6302352 -0.5467128 -0.551269 -0.6302353 0.546723 0.7763936 -0.6302401 0.003232896 0.7100537 0 -0.7041476 0.9999912 0 0.004184484 -0.7763926 -0.6302413 -0.003215789 -0.7100442 0 0.7041571 -0.9999914 0 -0.004161059 -0.003232419 -0.6302595 0.7763779 0.7041252 0 0.7100759 -0.004183888 0 0.9999912 -0.5466999 -0.6302558 -0.5512685 -0.7041439 0 -0.7100574 0.5466822 -0.6302583 0.5512832 0.004189848 0 -0.9999912 0.4010099 -0.6302596 -0.6648036 0.7536715 -0.6302289 -0.186523 -0.7536795 -0.6302271 0.1864973 0.6647984 -0.6302449 0.4010418 0.9707187 0 -0.2402192 0.8562516 0 0.516559 -0.664792 -0.6302511 -0.4010426 -0.9707275 0 0.2401834 -0.856248 0 -0.516565 -0.4010035 -0.6302533 0.6648135 0.2402386 0 0.970714 -0.5165163 0 0.8562774 -0.1865282 -0.6302562 -0.7536475 -0.2402313 0 -0.9707157 0.1865314 -0.6302627 0.7536412 0.5165262 0 -0.8562715 0.7200984 -0.6302616 0.2902217 0.3039736 -0.6302304 0.7144297 -0.303966 -0.6302334 -0.7144303 -0.2902491 -0.630241 0.7201054 0.3914936 0 0.9201809 -0.3738591 0 0.9274856 0.2902584 -0.6302434 -0.7200995 -0.3914936 0 -0.9201809 0.3738631 0 -0.927484 -0.7200846 -0.6302639 -0.290251 -0.9201956 0 0.3914589 -0.9274846 0 -0.3738614 0.7144146 -0.6302582 -0.3039514 0.9201845 0 -0.391485 -0.7144228 -0.6302552 0.3039385 0.9274964 0 0.3738321 0.4031203 -0.6302612 -0.6635246 0.7542632 -0.6302282 -0.184118 -0.7542508 -0.6302384 0.1841343 0.6635445 -0.6302446 0.4031134 0.9714841 0 -0.2371047 0.8546242 0 0.5192471 -0.6635539 -0.6302392 -0.4031064 -0.9714736 0 0.2371478 -0.8546338 0 -0.5192314 -0.4031363 -0.6302507 0.6635248 0.237132 0 0.9714775 -0.5192857 0 0.8546007 -0.1841015 -0.6302576 -0.7542427 -0.2371129 0 -0.9714821 0.1841604 -0.6302529 0.7542324 0.5192353 0 -0.8546314 0.416601 0.8006715 -0.4305447 0.8343397 0.5101308 0.208911 0.5980939 0.5101295 -0.6181033 0.5811499 0.8006794 0.1455244 0.2362467 0.5101348 0.8270127 0.1645604 0.8006733 0.5760577 -0.5980874 0.5101307 0.6181086 -0.5811644 0.8006732 -0.1455015 -0.8343407 0.5101342 -0.208899 -0.4166019 0.8006668 0.4305526 -0.1645679 0.800674 -0.5760543 -0.2362538 0.5101345 -0.8270109 0.804365 0.5101261 -0.3045791 0.4638592 0.8006783 0.3791427 0.6659401 0.5101563 0.5443017 -0.1384078 0.5101407 0.8488815 -0.5602722 0.800676 0.2121627 -0.8043616 0.5101426 0.3045604 -0.6659507 0.5101329 -0.5443108 -0.09640622 0.8006688 0.5912999 0.5602891 0.8006661 -0.2121555 0.09638297 0.8006783 -0.5912906 0.1384012 0.5101267 -0.848891 -0.4638743 0.8006801 -0.3791203 -0.03241515 0.5101275 -0.8594878 0.5071641 0.8006803 -0.3188976 0.7281298 0.5101242 -0.4578213 0.5297451 0.8006882 0.2797657 0.7605535 0.5101295 0.4016546 0.02257752 0.8006666 0.5986847 0.03244447 0.5101321 0.859484 -0.7281196 0.5101339 0.4578267 -0.02262586 0.8006771 -0.5986688 -0.5297884 0.800663 -0.2797555 -0.7605558 0.5101245 -0.4016566 -0.5071741 0.8006759 0.3188931 0.558939 0.5101323 -0.6537219 0.5890045 0.8006755 0.1095097 0.8456094 0.5101298 0.157202 0.2866638 0.5101326 0.8109184 -0.3893346 0.8006695 0.4553539 -0.558937 0.5101358 0.6537209 -0.845613 0.5101212 -0.1572099 0.1996704 0.8006789 0.564841 0.389323 0.8006764 -0.4553514 -0.5890121 0.8006692 -0.1095154 -0.2866621 0.5101206 -0.8109266 -0.1996712 0.8006784 -0.5648412 0.5702389 0.5101312 -0.6438897 0.58701 0.8006766 0.1197345 0.8427367 0.5101458 0.1718904 0.1898157 0.8006781 0.5682294 0.2724977 0.5101408 0.8157827 -0.3972045 0.8006731 0.4484989 -0.5702446 0.5101352 0.6438813 -0.8427414 0.510132 -0.171908 0.3972146 0.8006655 -0.4485036 -0.587013 0.8006723 -0.1197482 -0.2724871 0.5101296 -0.8157933 -0.1898045 0.8006716 -0.5682423 0.3812091 0.8006779 -0.4621629 0.8482537 0.5101375 0.1422162 0.5472944 0.5101436 -0.6634925 0.5908484 0.800677 0.09906917 0.3009454 0.5101431 0.8057208 0.2096098 0.8006797 0.561227 -0.5473093 0.5101316 0.6634895 -0.3812329 0.8006705 0.4621561 -0.848258 0.5101295 -0.1422194 -0.2096486 0.8006802 -0.5612118 -0.3009724 0.5101451 -0.8057094 -0.5908556 0.8006736 -0.09905332 0.5703201 0.5101338 -0.6438156 0.5869996 0.800673 0.1198102 0.8427203 0.5101261 0.1720293 0.2723785 0.5101304 0.8158291 -0.3972845 0.8006658 0.448441 -0.5703258 0.5101403 0.6438055 -0.8427145 0.5101349 -0.1720311 0.1897082 0.8006798 0.5682629 0.3972278 0.8006847 -0.4484577 -0.1897525 0.8006682 -0.5682646 -0.2723825 0.5101305 -0.8158276 -0.5870156 0.8006609 -0.1198126 0.4420031 0.8006722 -0.4044222 0.8200932 0.5101336 0.2592505 0.6345548 0.5101346 -0.5806056 0.5712475 0.8006672 0.1805785 0.1855193 0.5101342 0.8398487 0.1292493 0.8006755 0.5849901 -0.63457 0.5101286 0.5805944 -0.5712355 0.8006748 -0.1805825 -0.8200929 0.5101361 -0.259247 -0.4420107 0.8006677 0.4044228 -0.1855368 0.510128 -0.8398486 -0.1292274 0.8006696 -0.585003 0.1870301 0.8006734 -0.5691591 0.8418899 0.5101352 -0.1760212 0.2684732 0.5101419 -0.8171154 0.5864262 0.800668 -0.1226182 0.5733994 0.5101324 0.6410758 -0.1870054 0.8006737 0.5691666 -0.2685119 0.5101345 0.8171073 -0.8418921 0.5101327 0.1760184 0.3994221 0.8006629 0.4465432 -0.586404 0.8006815 0.1226366 -0.5734035 0.5101308 -0.6410732 -0.3993826 0.800677 -0.4465534 0.4936551 -0.6302565 -0.599234 0.7728086 -0.6302354 -0.07463419 -0.7728137 -0.6302289 0.07463777 0.5992258 -0.6302134 0.4937201 0.9953686 0 -0.09613209 0.7718194 0 0.6358418 -0.599199 -0.6302178 -0.493747 -0.9953721 0 0.09609556 -0.7717894 0 -0.6358783 -0.4936535 -0.6302578 0.599234 0.0961287 0 0.995369 -0.6358554 0 0.7718082 -0.07465368 -0.6302476 -0.7727968 -0.09612387 0 -0.9953694 0.07465481 -0.6302794 0.7727707 0.6358476 0 -0.7718148 0.3993809 0.8006864 -0.4465382 0.8418999 0.510132 0.175983 0.5733441 0.510136 -0.6411224 0.1870647 0.8006881 0.5691269 0.2685335 0.5101343 0.8171003 -0.5733588 0.5101396 0.6411063 -0.3993682 0.8006792 0.4465625 -0.8419024 0.5101298 -0.1759774 -0.1870837 0.8007164 -0.5690809 -0.2685538 0.510131 -0.8170957 0.5864261 0.8006682 0.1226167 -0.586436 0.8006737 -0.1225341 0.4605904 -0.6302601 -0.6250029 0.7676466 -0.6302372 -0.1162754 -0.7676519 -0.630236 0.1162471 0.6250563 -0.6302717 0.4605023 0.9887242 0 -0.1497484 0.8050337 0 0.5932292 -0.6250363 -0.6302443 -0.4605669 -0.9887232 0 0.1497546 -0.8050269 0 -0.5932383 -0.4606024 -0.6302745 0.6249796 0.1497585 0 0.9887226 -0.5932604 0 0.8050107 -0.1162678 -0.6302195 -0.7676622 -0.149721 0 -0.9887284 0.1162817 -0.6302634 0.767624 0.5932673 0 -0.8050055 0.399348 -0.630261 -0.6658021 0.7532026 -0.6302288 -0.1884081 -0.7532001 -0.6302278 0.1884215 0.6658064 -0.6302499 0.399358 0.9701126 0 -0.2426553 0.8575538 0 0.5143944 -0.6658014 -0.6302435 -0.3993768 -0.9701084 0 0.242672 -0.8575407 0 -0.5144163 -0.3993512 -0.6302664 0.665795 0.2426543 0 0.9701129 -0.5143876 0 0.8575578 -0.1884008 -0.6302588 -0.7531794 -0.242641 0 -0.9701161 0.1884118 -0.63025 0.7531838 0.5143805 0 -0.8575621 0.3893442 -0.6302741 -0.6716887 0.7502984 -0.630232 -0.1996499 -0.750298 -0.6302324 0.1996498 0.6717222 -0.6302426 0.3893375 0.9663742 0 -0.25714 0.8651526 0 0.5015089 -0.6717046 -0.6302461 -0.3893623 -0.9663723 0 0.2571472 -0.8651474 0 -0.5015178 -0.3893421 -0.6302806 0.6716839 0.2571378 0 0.9663748 -0.5015178 0 0.8651474 -0.1996731 -0.630252 -0.7502754 -0.2571372 0 -0.966375 0.1996973 -0.6302424 0.750277 0.5015106 0 -0.8651515 0.711445 -0.6302474 -0.3108608 0.722871 -0.6302422 0.2832888 -0.722871 -0.6302422 -0.2832888 0.3108868 -0.6302857 0.7113996 0.9310491 0 0.3648939 0.4003892 0 0.9163452 -0.3108867 -0.6302857 -0.7113996 -0.9310491 0 -0.3648939 -0.4003892 0 -0.9163452 -0.711445 -0.6302474 0.3108608 -0.3649058 0 0.9310446 -0.9163864 0 0.400295 0.2832485 -0.6302596 -0.7228714 0.3649058 0 -0.9310445 -0.2832485 -0.6302596 0.7228714 0.9163864 0 -0.400295 0.036682 -0.6302585 -0.7755184 0.5743147 -0.6302357 -0.5224612 -0.5743164 -0.6302304 0.5224658 0.7755323 -0.630244 0.03663879 0.7397129 0 -0.6729227 0.9988847 0 0.04721677 -0.7755295 -0.6302476 -0.0366342 -0.7396913 0 0.6729463 -0.9988858 0 -0.04719477 -0.03669381 -0.6302703 0.7755083 0.6729123 0 0.7397223 -0.04726547 0 0.9988824 -0.5224424 -0.6302583 -0.5743069 -0.6729177 0 -0.7397174 0.522473 -0.6302495 0.5742887 0.0472331 0 -0.998884 0.390221 -0.6302563 -0.6711964 0.7505593 -0.6302272 -0.1986821 -0.7505579 -0.6302313 0.1986744 0.6711776 -0.6302198 0.3903122 0.9667103 0 -0.2558735 0.8644911 0 0.5026483 -0.6711891 -0.6302157 -0.3902992 -0.9667084 0 0.2558807 -0.8644989 0 -0.5026347 -0.3902222 -0.6302604 0.6711919 0.2558587 0 0.9667142 -0.5026394 0 0.8644963 -0.1986925 -0.6302825 -0.75051 -0.2558669 0 -0.9667121 0.1986743 -0.6302498 0.7505423 0.5026335 0 -0.8644996 0.4770993 -0.6302599 -0.6124939 0.7704836 -0.6302287 -0.09574455 -0.77048 -0.6302336 0.09573978 0.6125037 -0.6302481 0.4771022 0.9923698 0 -0.1232965 0.7888959 0 0.6145271 -0.6124937 -0.630218 -0.4771549 -0.9923681 0 0.1233115 -0.7889163 0 -0.6145008 -0.4770871 -0.6302586 0.6125047 0.1233126 0 0.9923679 -0.6145142 0 0.7889059 -0.09575265 -0.6302444 -0.7704697 -0.1233082 0 -0.9923685 0.09575426 -0.6302562 0.7704597 0.6145321 0 -0.7888918 0.7474076 -0.6302689 -0.2101027 0.6770941 -0.6302264 0.3799452 -0.6771141 -0.6302251 -0.3799118 0.2101447 -0.6302885 0.7473793 0.8720853 0 0.4893539 0.2706257 0 0.9626848 -0.2100957 -0.6302105 -0.7474588 -0.8720926 0 -0.4893409 -0.2706332 0 -0.9626826 -0.747404 -0.6302607 0.2101401 -0.4893616 0 0.872081 -0.9626745 0 0.2706619 0.3799159 -0.6302515 -0.6770871 0.4893176 0 -0.8721058 -0.3799285 -0.6302636 0.6770688 0.9626755 0 -0.2706584 -0.2500771 -0.6302583 -0.7350074 0.3428922 -0.6302285 -0.6965895 -0.3429121 -0.6302329 0.6965758 0.7350081 -0.6302512 -0.2500929 0.4416662 0 -0.8971795 0.9467082 0 -0.3220924 -0.7350103 -0.6302422 0.2501094 -0.4417101 0 0.897158 -0.9467068 0 0.3220968 0.2501141 -0.6302495 0.7350024 0.897198 0 0.4416285 0.3221048 0 0.946704 -0.6965593 -0.6302539 -0.342907 -0.8971706 0 -0.4416842 0.6965812 -0.6302525 0.342865 -0.3220853 0 -0.9467107 0.4574509 0.8006742 -0.3868588 0.809347 0.5101311 0.2910733 0.6567499 0.5101289 -0.5553812 0.5637423 0.800678 0.2027544 0.1525962 0.5101344 0.8464499 0.106276 0.8006626 0.5896142 -0.656745 0.5101324 0.5553838 -0.4574688 0.800667 0.3868526 -0.8093481 0.5101349 -0.2910639 -0.1062981 0.8006495 -0.5896281 -0.1526021 0.5101426 -0.8464439 -0.5637418 0.800677 -0.2027605 0.5960739 0.8006706 0.06018632 0.3530437 0.5101324 0.7842991 0.8557419 0.5101349 0.0864188 -0.3501385 0.8006793 0.4861233 -0.5026903 0.5101374 0.6978985 -0.8557479 0.5101289 -0.08639395 -0.5960933 0.8006572 -0.06017494 -0.3530738 0.5101107 -0.7842997 0.350154 0.8006716 -0.4861246 0.5026913 0.5101228 -0.6979085 0.2459498 0.8006842 0.5462725 -0.2459352 0.8006731 -0.5462952 0.8600619 0.5101153 -0.008719682 0.3048056 0.8006839 0.5157508 0.4375715 0.510128 0.7404732 -0.4224714 0.510118 0.749198 -0.5990577 0.8006828 0.00609821 -0.8600507 0.5101338 0.00873357 -0.3048165 0.8006702 -0.5157657 -0.4375925 0.5101308 -0.740459 -0.2942506 0.8006815 0.5218484 0.5990782 0.8006677 -0.006054699 0.2942861 0.8007023 -0.5217964 0.4224777 0.5101392 -0.74918 0.4570065 0.8006718 -0.3873885 0.8097087 0.5101187 0.2900876 0.6560789 0.5101197 -0.556182 0.1070051 0.800666 0.5894777 0.1536203 0.5101113 0.8462785 -0.6560716 0.5101211 0.5561893 -0.4570049 0.8006722 0.3873893 -0.809706 0.5101285 -0.2900782 -0.5639964 0.8006684 -0.202085 -0.1536294 0.5101082 -0.8462787 -0.1070011 0.8006271 -0.5895312 0.5639885 0.8006808 0.2020577 0.5918053 0.5101302 -0.6241263 0.5826028 0.8006771 0.1396073 0.8364182 0.5101195 0.2004564 0.2445916 0.510124 0.8245899 0.1703548 0.8006749 0.5743683 -0.591818 0.5101341 0.6241112 -0.4122318 0.8006808 0.4347132 -0.8364123 0.5101224 -0.2004736 0.4122044 0.8006733 -0.4347528 -0.5826063 0.8006669 -0.139651 -0.2446028 0.5101209 -0.8245885 -0.1703858 0.8006894 -0.5743389 0.2239142 0.8006708 -0.5556878 0.85161 0.5101363 -0.1205056 0.3214458 0.5101266 -0.7977741 0.5931838 0.8006785 -0.0839461 0.5301815 0.510129 0.6772562 -0.2239102 0.8006623 0.5557015 -0.3214406 0.510132 0.7977727 -0.5931932 0.8006706 0.08395522 -0.8516104 0.5101329 0.1205171 0.3693005 0.8006673 0.471751 -0.3692805 0.8006615 -0.4717767 -0.5301727 0.5101352 -0.6772586 -0.5315167 0.5101306 -0.6762077 0.2228088 0.8007104 -0.5560749 0.3198595 0.510141 -0.7984023 0.8513758 0.5101284 -0.1221811 0.3702405 0.8006667 0.4710149 0.5315289 0.5101248 0.6762025 -0.3198338 0.5101325 0.7984181 0.5930209 0.8006779 -0.08509528 -0.3701896 0.8006965 -0.4710042 -0.5930266 0.8006732 0.08509969 -0.8513718 0.5101305 0.1222004 -0.2227949 0.800679 0.5561254 0.8325643 0.5101255 -0.2158907 0.4201747 0.8006806 0.4270408 0.6032153 0.5101336 0.6131029 -0.2293565 0.5101193 0.8289596 -0.5799294 0.8006694 0.1503684 -0.8325609 0.5101367 0.2158774 -0.4201932 0.8006748 -0.4270334 -0.6032301 0.5101364 -0.6130859 -0.1597289 0.8006792 0.5774076 0.5799254 0.800679 -0.150332 0.2293277 0.5101327 -0.8289593 0.1597614 0.8007221 -0.5773391 0.7839582 0.5773519 0.2281979 0.7839586 -0.5773512 -0.2281988</float_array>
          <technique_common>
            <accessor source="#Realistic_Lowpoly_Rack-mesh-normals-array" count="1241" stride="3">
              <param name="X" type="float"/>
              <param name="Y" type="float"/>
              <param name="Z" type="float"/>
            </accessor>
          </technique_common>
        </source>
        <source id="Realistic_Lowpoly_Rack-mesh-map-0">
          <float_array id="Realistic_Lowpoly_Rack-mesh-map-0-array" count="12936">0.9728744 0.4505388 0.956619 0.4326298 0.9728744 0.43859 0.8692304 0.8537981 0.002278864 0.8478378 0.8692304 0.8478378 0.002278804 0.910178 0.8692304 0.8939226 0.8692304 0.910178 0.8692304 0.9389239 0.002278804 0.9335054 0.8692304 0.9335055 0.9728744 0.43859 0.956619 0.4326298 0.9728744 0.4326298 0.956622 0.456505 0.9728773 0.4505447 0.9728773 0.456505 0.8692304 0.9161383 0.002278804 0.9215568 0.002278804 0.9161382 0.002278864 0.8700534 0.8692304 0.8537981 0.8692304 0.8700535 0.956622 0.4326357 0.9728773 0.4326357 0.9728773 0.4385961 0.9728744 0.456499 0.956619 0.456499 0.9728744 0.4505388 0.8692304 0.910178 0.002278804 0.9161382 0.002278804 0.910178 0.002278804 0.9335054 0.8692304 0.9215568 0.8692304 0.9335055 0.9728744 0.4505388 0.9782928 0.43859 0.9782928 0.4505388 0.9782958 0.4385961 0.9728773 0.4505447 0.9728773 0.4385961 0.002278864 0.8939226 0.8692304 0.8700535 0.8692304 0.8939226 0.9728773 0.4385961 0.956622 0.456505 0.956622 0.4326357 0.9728744 0.4505388 0.956619 0.4326298 0.956619 0.456499 0.002278923 0.8478378 0.8692304 0.8537981 0.8692304 0.8478378 0.8692304 0.8939226 0.002278804 0.910178 0.8692304 0.910178 0.002278804 0.9335054 0.8692304 0.9389239 0.8692304 0.9335055 0.9728744 0.43859 0.9728744 0.4326298 0.956619 0.4326298 0.956622 0.456505 0.9728773 0.456505 0.9728773 0.4505447 0.002278804 0.9215568 0.8692304 0.9161383 0.002278804 0.9161382 0.8692304 0.8537981 0.002278923 0.8700534 0.8692304 0.8700535 0.956622 0.4326357 0.9728773 0.4385961 0.9728773 0.4326357 0.9728744 0.456499 0.9728744 0.4505388 0.956619 0.456499 0.002278804 0.9161382 0.8692304 0.910178 0.002278804 0.910178 0.8692304 0.9215568 0.002278804 0.9335054 0.8692304 0.9335055 0.9782928 0.43859 0.9728744 0.4505388 0.9782928 0.4505388 0.9728773 0.4505447 0.9782958 0.4385961 0.9728773 0.4385961 0.8692304 0.8700535 0.002278804 0.8939226 0.8692304 0.8939226 0.956622 0.456505 0.9728773 0.4385961 0.956622 0.4326357 0.9728744 0.4505388 0.956619 0.4326298 0.956619 0.456499 0.002278923 0.8478378 0.8692304 0.8537981 0.8692304 0.8478378 0.8692304 0.8939226 0.002278804 0.910178 0.8692304 0.910178 0.002278804 0.9335054 0.8692304 0.9389239 0.8692304 0.9335055 0.9728744 0.43859 0.9728744 0.4326298 0.956619 0.4326298 0.956622 0.456505 0.9728773 0.456505 0.9728773 0.4505447 0.002278804 0.9215568 0.8692304 0.9161383 0.002278804 0.9161382 0.8692304 0.8537981 0.002278923 0.8700534 0.8692304 0.8700535 0.956622 0.4326357 0.9728773 0.4385961 0.9728773 0.4326357 0.9728744 0.456499 0.9728744 0.4505388 0.956619 0.456499 0.002278804 0.9161382 0.8692304 0.910178 0.002278804 0.910178 0.8692304 0.9215568 0.002278804 0.9335054 0.8692304 0.9335055 0.9782928 0.43859 0.9728744 0.4505388 0.9782928 0.4505388 0.9728773 0.4505447 0.9782958 0.4385961 0.9728773 0.4385961 0.8692304 0.8700535 0.002278804 0.8939226 0.8692304 0.8939226 0.956622 0.456505 0.9728773 0.4385961 0.956622 0.4326357 0.9728744 0.4505388 0.956619 0.4326298 0.9728744 0.43859 0.8692304 0.8537981 0.002278923 0.8478378 0.8692304 0.8478378 0.002278804 0.910178 0.8692304 0.8939226 0.8692304 0.910178 0.8692304 0.9389239 0.002278804 0.9335054 0.8692304 0.9335055 0.9728744 0.43859 0.956619 0.4326298 0.9728744 0.4326298 0.956622 0.456505 0.9728773 0.4505447 0.9728773 0.456505 0.8692304 0.9161383 0.002278804 0.9215568 0.002278804 0.9161382 0.002278923 0.8700534 0.8692304 0.8537981 0.8692304 0.8700535 0.956622 0.4326357 0.9728773 0.4326357 0.9728773 0.4385961 0.9728744 0.456499 0.956619 0.456499 0.9728744 0.4505388 0.8692304 0.910178 0.002278804 0.9161382 0.002278804 0.910178 0.002278804 0.9335054 0.8692304 0.9215568 0.8692304 0.9335055 0.9728744 0.4505388 0.9782928 0.43859 0.9782928 0.4505388 0.9782958 0.4385961 0.9728773 0.4505447 0.9728773 0.4385961 0.002278804 0.8939226 0.8692304 0.8700535 0.8692304 0.8939226 0.9728773 0.4385961 0.956622 0.456505 0.956622 0.4326357 0.01310735 0.01310372 0.002270638 0.8301379 0.002270698 0.01310372 0.01310729 0.8301379 0.4292383 0.8409746 0.01310729 0.8409746 0.4292383 0.8301379 0.440075 0.01310366 0.440075 0.8301379 0.4292383 0.01310366 0.01310735 0.002266943 0.4292383 0.002266943 0.4446198 0.8193029 0.8607508 0.002268671 0.8607507 0.819303 0.01310729 0.8301379 0.4292383 0.01310366 0.4292383 0.8301379 0.01310527 0.01310372 0.002268552 0.8301378 0.002268671 0.01310372 0.01310527 0.8301378 0.4292362 0.8409746 0.01310527 0.8409745 0.4292362 0.8301379 0.440073 0.01310366 0.4400729 0.8301379 0.4292362 0.01310366 0.01310527 0.002266943 0.4292362 0.002266943 0.4446149 0.8193029 0.8607459 0.002268671 0.8607459 0.819303 0.4292362 0.8301379 0.01310527 0.01310372 0.4292362 0.01310366 0.002266407 0.8301378 0.01310312 0.01310372 0.002266407 0.01310372 0.4292339 0.8409746 0.01310312 0.8301378 0.01310312 0.8409745 0.4400708 0.01310366 0.4292339 0.8301379 0.4400708 0.8301379 0.01310312 0.002266943 0.429234 0.01310366 0.429234 0.002266943 0.8607563 0.002268671 0.4446253 0.8193029 0.8607563 0.819303 0.429234 0.01310366 0.01310312 0.8301378 0.4292339 0.8301379 0.01304948 0.9859358 0.4265452 0.9761457 0.4265452 0.9859358 0.01304948 0.9761457 0.4265452 0.9653767 0.4265452 0.9761457 0.4265452 0.9653767 0.01304948 0.9555868 0.4265452 0.9555867 0.01304948 0.9555868 0.4265452 0.9448178 0.4265452 0.9555867 0.4373142 0.9653767 0.4265452 0.9555867 0.4373142 0.9555867 0.002280354 0.9653767 0.01304948 0.9555868 0.01304948 0.9653767 0.9771711 0.0130465 0.9673811 0.4265425 0.9673813 0.01304656 0.956612 0.4265425 0.9673813 0.01304656 0.9673811 0.4265425 0.9771711 0.0130465 0.9879401 0.4265425 0.9771711 0.4265425 0.9879401 0.4265425 0.9977303 0.01304656 0.9977301 0.4265425 0.9977301 0.4373115 0.9879401 0.4265425 0.9977301 0.4265425 0.9977303 0.002277433 0.9879402 0.01304656 0.9879402 0.002277433 0.4526236 0.9653756 0.9230202 0.9751651 0.4526237 0.9751651 0.9230203 0.9546069 0.4526236 0.9653756 0.4526237 0.9546069 0.4526237 0.9546069 0.9230203 0.9448173 0.9230203 0.9546069 0.4526237 0.9751651 0.9230202 0.9859337 0.4526237 0.9859336 0.4526236 0.9653756 0.4418549 0.9751651 0.4418549 0.9653755 0.9337888 0.9751652 0.9230203 0.9653756 0.9337888 0.9653755 0.9422841 0.0130403 0.9520738 0.483437 0.9422841 0.483437 0.9315156 0.01304036 0.9422841 0.483437 0.9315154 0.483437 0.9109573 0.483437 0.9217261 0.01304036 0.9217258 0.483437 0.9217258 0.483437 0.9315156 0.01304036 0.9315154 0.483437 0.9315155 0.4942056 0.9217258 0.483437 0.9315154 0.483437 0.9217261 0.01304036 0.9315156 0.002271831 0.9315156 0.01304036 0.8750858 0.4834439 0.8652961 0.01304721 0.8750857 0.01304721 0.8858544 0.01304721 0.8750858 0.4834439 0.8750857 0.01304721 0.9064126 0.4834439 0.8956438 0.01304721 0.9064126 0.01304721 0.8956438 0.01304721 0.8858544 0.4834439 0.8858544 0.01304721 0.8858544 0.4942125 0.895644 0.4834439 0.895644 0.4942125 0.8858543 0.002278685 0.8956438 0.01304721 0.8858544 0.01304721 0.4265452 0.9761457 0.01304948 0.9859358 0.4265452 0.9859358 0.4265452 0.9653767 0.01304948 0.9761457 0.4265452 0.9761457 0.01304948 0.9555868 0.4265452 0.9653767 0.4265452 0.9555867 0.4265452 0.9448178 0.01304948 0.9555868 0.4265452 0.9555867 0.4373143 0.9555867 0.4265452 0.9653767 0.4373143 0.9653767 0.01304948 0.9653767 0.002280354 0.9555867 0.002280354 0.9653767 0.9673811 0.4265425 0.9771712 0.0130465 0.9673812 0.01304656 0.9673812 0.01304656 0.956612 0.4265425 0.9673811 0.4265425 0.9879401 0.4265425 0.9771712 0.0130465 0.9771711 0.4265425 0.9977303 0.01304656 0.9879401 0.4265425 0.99773 0.4265425 0.99773 0.4265425 0.9879401 0.4373115 0.99773 0.4373115 0.9879402 0.002277433 0.9977303 0.01304656 0.9977303 0.002277433 0.9230201 0.9751651 0.4526236 0.9653756 0.4526236 0.9751651 0.4526236 0.9653756 0.9230203 0.9546069 0.4526236 0.9546069 0.9230203 0.9448173 0.4526236 0.9546069 0.9230203 0.9546069 0.4526236 0.9751651 0.9230201 0.9859337 0.9230201 0.9751651 0.441855 0.9751651 0.4526236 0.9653756 0.441855 0.9653755 0.9230203 0.9653756 0.9337888 0.9751652 0.9337888 0.9653755 0.9520738 0.483437 0.9422841 0.0130403 0.9422841 0.483437 0.9422841 0.483437 0.9315156 0.01304036 0.9315155 0.483437 0.921726 0.01304036 0.9109573 0.483437 0.9217258 0.483437 0.9315156 0.01304036 0.9217258 0.483437 0.9315155 0.483437 0.9315155 0.483437 0.9217258 0.4942056 0.9315155 0.4942056 0.9315156 0.01304036 0.921726 0.002271831 0.921726 0.01304036 0.8652961 0.01304721 0.8750858 0.4834439 0.8750857 0.01304721 0.8750858 0.4834439 0.8858544 0.01304721 0.8750857 0.01304721 0.8956438 0.01304721 0.9064126 0.4834439 0.9064126 0.01304721 0.8858544 0.4834439 0.8956438 0.01304721 0.8858544 0.01304721 0.895644 0.4942125 0.8858544 0.4834439 0.8858544 0.4942125 0.8858544 0.01304721 0.895644 0.002278566 0.8858543 0.002278685 0.9437589 0.9437792 0.9394242 0.9170356 0.9437589 0.9307751 0.895438 0.4993104 0.9084421 0.9078307 0.895438 0.9078307 0.9524281 0.9177709 0.9621813 0.9156035 0.9610976 0.9177709 0.8867685 0.9078307 0.895438 0.4993104 0.895438 0.9078307 0.9610976 0.9177709 0.9621813 0.9437792 0.9610976 0.9437792 0.9524281 0.9177709 0.9408562 0.9170356 0.940856 0.9156034 0.9408562 0.9170356 0.9437589 0.9307751 0.9394242 0.9170356 0.9524281 0.9177709 0.9437589 0.9307751 0.9408562 0.9170356 0.9408563 0.9705229 0.9621813 0.9719551 0.9408562 0.9719551 0.8737642 0.4993104 0.8867685 0.9078307 0.8737642 0.9078307 0.940856 0.9156034 0.9610976 0.9145198 0.9621813 0.9156035 0.9664454 0.462944 0.9664454 0.464483 0.9657292 0.4631358 0.9951121 0.4643771 0.9748706 0.4629448 0.995112 0.4629448 0.939424 0.9705229 0.9383403 0.9170356 0.9394242 0.9170356 0.9951121 0.4643771 0.9965443 0.464377 0.9965443 0.5178642 0.9408562 0.9719551 0.9610976 0.9730387 0.9408562 0.9730387 0.9748706 0.5192964 0.995112 0.5178642 0.995112 0.5192964 0.9716902 0.9719551 0.9632651 0.9730387 0.9621813 0.9719551 0.9748706 0.4629448 0.9664454 0.464483 0.9664454 0.462944 0.9716902 0.9171311 0.9716902 0.9156026 0.9724064 0.9157944 0.9965443 0.5178642 0.995112 0.5178642 0.9951121 0.4643771 0.9748706 0.4629448 0.995112 0.5178642 0.9748706 0.5192964 0.9610976 0.9437792 0.9408563 0.9705229 0.9437589 0.9437792 0.9621813 0.9437792 0.9716903 0.9705229 0.9621813 0.9719551 0.9621813 0.9719551 0.9716903 0.9705229 0.9716902 0.9719551 0.9748706 0.5192964 0.9664454 0.5192964 0.9664454 0.5178642 0.9650131 0.5178642 0.9664454 0.464483 0.9664454 0.5178642 0.939424 0.9705229 0.9408563 0.9705229 0.9398453 0.97154 0.9664454 0.464483 0.9748706 0.5192964 0.9664454 0.5178642 0.9664454 0.464483 0.9650131 0.4643761 0.965205 0.46366 0.9742062 0.9705229 0.9731224 0.9170348 0.9742062 0.9170348 0.9716902 0.9171311 0.9621813 0.9437792 0.9621813 0.9156035 0.963265 0.9145197 0.9716902 0.9156026 0.9621813 0.9156035 0.9951121 0.4643771 0.9961335 0.4633699 0.9965443 0.464377 0.9171115 0.9078307 0.9084421 0.4993104 0.9171115 0.4993104 0.995112 0.5178642 0.9965443 0.5178642 0.9961229 0.5188813 0.9408563 0.9705229 0.9408562 0.9719551 0.9398453 0.97154 0.9621813 0.9156035 0.9716902 0.9156026 0.9716902 0.9171311 0.9386622 0.9145198 0.9397497 0.9156035 0.9386622 0.9156035 0.9397497 0.9145198 0.940856 0.9156034 0.9397497 0.9156035 0.939424 0.9705229 0.9383403 0.9716238 0.9383403 0.9705229 0.9394242 0.9716238 0.9383403 0.9727166 0.9383403 0.9716238 0.9731225 0.9727178 0.9742062 0.9716204 0.9742062 0.9727178 0.9731225 0.9716204 0.9742062 0.9705229 0.9742062 0.9716204 0.9716902 0.914519 0.9724317 0.9156026 0.9716902 0.9156026 0.9724314 0.9145188 0.973173 0.9156025 0.9724317 0.9156026 0.9731729 0.9145188 0.9739144 0.9156024 0.973173 0.9156025 0.9604589 0.9078307 0.94312 0.4993104 0.9604589 0.4993104 0.9437589 0.9437792 0.9408563 0.9705229 0.939424 0.9705229 0.9716902 0.9171311 0.9731225 0.9705229 0.9716903 0.9705229 0.9664454 0.5178642 0.9664454 0.5192964 0.9654303 0.5188794 0.9716903 0.9705229 0.9731225 0.9705229 0.9727055 0.971538 0.9610976 0.9437792 0.9621813 0.9437792 0.9621813 0.9719551 0.9716902 0.9171311 0.9724064 0.9157944 0.9729307 0.9163187 0.9731224 0.9170348 0.9716902 0.9171311 0.9729307 0.9163187 0.9408562 0.9170356 0.9394242 0.9170356 0.9398346 0.9160285 0.940856 0.9156034 0.9408562 0.9170356 0.9398346 0.9160285 0.9657292 0.4631358 0.9664454 0.464483 0.965205 0.46366 0.94312 0.9078307 0.9171115 0.4993104 0.94312 0.4993104 0.995112 0.5192964 0.995112 0.5178642 0.9961229 0.5188813 0.9716902 0.9719551 0.9716903 0.9705229 0.9727055 0.971538 0.9650131 0.5178642 0.9664454 0.5178642 0.9654303 0.5188794 0.9394242 0.9170356 0.9437589 0.9437792 0.9437589 0.9307751 0.908442 0.9078307 0.895438 0.4993104 0.895438 0.9078307 0.9621813 0.9156035 0.9524281 0.9177709 0.9610976 0.9177709 0.895438 0.4993104 0.8867685 0.9078307 0.895438 0.9078307 0.9621813 0.9437792 0.9610976 0.9177709 0.9610976 0.9437792 0.9524281 0.9177709 0.940856 0.9156034 0.9408562 0.9170356 0.9408562 0.9170356 0.9394242 0.9170356 0.9437589 0.9307751 0.9437589 0.9307751 0.9524281 0.9177709 0.9408562 0.9170356 0.9408563 0.9705229 0.9408562 0.9719551 0.9621813 0.9719551 0.8867685 0.9078307 0.8737643 0.4993104 0.8737643 0.9078307 0.9610976 0.9145198 0.940856 0.9156034 0.9621813 0.9156035 0.9664455 0.462944 0.9657292 0.4631358 0.9664455 0.464483 0.9951122 0.4643771 0.995112 0.4629448 0.9748706 0.4629448 0.9383403 0.9170356 0.939424 0.9705229 0.9394242 0.9170356 0.9951122 0.4643771 0.9965444 0.5178642 0.9965444 0.464377 0.9408562 0.9719551 0.9610976 0.9730387 0.9621813 0.9719551 0.9748706 0.5192964 0.995112 0.5192964 0.995112 0.5178642 0.9632651 0.9730387 0.9716902 0.9719551 0.9621813 0.9719551 0.9748706 0.4629448 0.9664455 0.462944 0.9664455 0.464483 0.9716902 0.9171311 0.9724064 0.9157944 0.9716902 0.9156026 0.9965444 0.5178642 0.9951122 0.4643771 0.995112 0.5178642 0.9748706 0.5192964 0.9951122 0.4643771 0.9748706 0.4629448 0.9408563 0.9705229 0.9610976 0.9437792 0.9437589 0.9437792 0.9621813 0.9437792 0.9716903 0.9705229 0.9716902 0.9171311 0.9621813 0.9719551 0.9716902 0.9719551 0.9716903 0.9705229 0.9748706 0.5192964 0.9664455 0.5178642 0.9664455 0.5192964 0.965013 0.5178642 0.9664455 0.464483 0.965013 0.4643761 0.939424 0.9705229 0.9398453 0.97154 0.9408563 0.9705229 0.9748706 0.5192964 0.9664455 0.464483 0.9664455 0.5178642 0.9664455 0.464483 0.965205 0.46366 0.965013 0.4643761 0.9731224 0.9170348 0.9742062 0.9705229 0.9742062 0.9170348 0.9716902 0.9171311 0.9621813 0.9156035 0.9621813 0.9437792 0.9716902 0.9156026 0.963265 0.9145197 0.9621813 0.9156035 0.9951122 0.4643771 0.9961336 0.4633699 0.995112 0.4629448 0.908442 0.4993104 0.9171115 0.9078307 0.9171115 0.4993104 0.995112 0.5178642 0.9961228 0.5188813 0.9965444 0.5178642 0.9408563 0.9705229 0.9398453 0.97154 0.9408562 0.9719551 0.9621813 0.9156035 0.9716902 0.9171311 0.9716902 0.9156026 0.9397497 0.9156035 0.9386622 0.9145198 0.9386622 0.9156035 0.940856 0.9156034 0.9397497 0.9145198 0.9397497 0.9156035 0.9383403 0.9716238 0.939424 0.9705229 0.9383403 0.9705229 0.9383403 0.9727166 0.9394242 0.9716238 0.9383403 0.9716238 0.9742062 0.9716204 0.9731225 0.9727178 0.9742062 0.9727178 0.9742062 0.9705229 0.9731225 0.9716204 0.9742062 0.9716204 0.9724317 0.9156026 0.9716902 0.914519 0.9716902 0.9156026 0.973173 0.9156025 0.9724314 0.9145188 0.9724317 0.9156026 0.9739144 0.9156024 0.9731729 0.9145188 0.973173 0.9156025 0.94312 0.4993104 0.960459 0.9078307 0.960459 0.4993104 0.9437589 0.9437792 0.939424 0.9705229 0.9408563 0.9705229 0.9716902 0.9171311 0.9731225 0.9705229 0.9731224 0.9170348 0.9664455 0.5178642 0.9654303 0.5188794 0.9664455 0.5192964 0.9716903 0.9705229 0.9727055 0.971538 0.9731225 0.9705229 0.9610976 0.9437792 0.9621813 0.9719551 0.9621813 0.9437792 0.9716902 0.9171311 0.9729307 0.9163187 0.9724064 0.9157944 0.9731224 0.9170348 0.9729307 0.9163187 0.9716902 0.9171311 0.9408562 0.9170356 0.9398346 0.9160285 0.9394242 0.9170356 0.940856 0.9156034 0.9398346 0.9160285 0.9408562 0.9170356 0.9657292 0.4631358 0.965205 0.46366 0.9664455 0.464483 0.9171115 0.4993104 0.94312 0.9078307 0.94312 0.4993104 0.995112 0.5192964 0.9961228 0.5188813 0.995112 0.5178642 0.9716902 0.9719551 0.9727055 0.971538 0.9716903 0.9705229 0.965013 0.5178642 0.9654303 0.5188794 0.9664455 0.5178642 0.9394242 0.9170356 0.9437589 0.9437792 0.9437589 0.9307751 0.908442 0.9078307 0.895438 0.4993104 0.895438 0.9078307 0.9621813 0.9156035 0.9524281 0.9177709 0.9610976 0.9177709 0.895438 0.4993104 0.8867685 0.9078307 0.895438 0.9078307 0.9621813 0.9437792 0.9610976 0.9177709 0.9610976 0.9437792 0.9524281 0.9177709 0.940856 0.9156034 0.9408562 0.9170356 0.9408562 0.9170356 0.9394242 0.9170356 0.9437589 0.9307751 0.9437589 0.9307751 0.9524281 0.9177709 0.9408562 0.9170356 0.9408563 0.9705229 0.9408562 0.9719551 0.9621813 0.9719551 0.8867685 0.9078307 0.8737643 0.4993104 0.8737643 0.9078307 0.9610976 0.9145198 0.940856 0.9156034 0.9621813 0.9156035 0.9664455 0.462944 0.9657292 0.4631358 0.9664455 0.464483 0.9951122 0.4643771 0.995112 0.4629448 0.9748706 0.4629448 0.9383403 0.9170356 0.939424 0.9705229 0.9394242 0.9170356 0.9951122 0.4643771 0.9965444 0.5178642 0.9965444 0.464377 0.9408562 0.9719551 0.9610976 0.9730387 0.9621813 0.9719551 0.9748706 0.5192964 0.995112 0.5192964 0.995112 0.5178642 0.9632651 0.9730387 0.9716902 0.9719551 0.9621813 0.9719551 0.9748706 0.4629448 0.9664455 0.462944 0.9664455 0.464483 0.9716902 0.9171311 0.9724064 0.9157944 0.9716902 0.9156026 0.9965444 0.5178642 0.9951122 0.4643771 0.995112 0.5178642 0.9748706 0.4629448 0.995112 0.5178642 0.9951122 0.4643771 0.9408563 0.9705229 0.9610976 0.9437792 0.9437589 0.9437792 0.9621813 0.9437792 0.9716903 0.9705229 0.9716902 0.9171311 0.9621813 0.9719551 0.9716902 0.9719551 0.9716903 0.9705229 0.9748706 0.5192964 0.9664455 0.5178642 0.9664455 0.5192964 0.965013 0.5178642 0.9664455 0.464483 0.965013 0.4643761 0.939424 0.9705229 0.9398453 0.97154 0.9408563 0.9705229 0.9748706 0.5192964 0.9664455 0.464483 0.9664455 0.5178642 0.9664455 0.464483 0.965205 0.46366 0.965013 0.4643761 0.9731224 0.9170348 0.9742062 0.9705229 0.9742062 0.9170348 0.9716902 0.9171311 0.9621813 0.9156035 0.9621813 0.9437792 0.9716902 0.9156026 0.963265 0.9145197 0.9621813 0.9156035 0.9951122 0.4643771 0.9961336 0.4633699 0.995112 0.4629448 0.908442 0.4993104 0.9171115 0.9078307 0.9171115 0.4993104 0.995112 0.5178642 0.9961228 0.5188813 0.9965444 0.5178642 0.9408563 0.9705229 0.9398453 0.97154 0.9408562 0.9719551 0.9621813 0.9156035 0.9716902 0.9171311 0.9716902 0.9156026 0.9397497 0.9156035 0.9386622 0.9145198 0.9386622 0.9156035 0.940856 0.9156034 0.9397497 0.9145198 0.9397497 0.9156035 0.9383403 0.9716238 0.939424 0.9705229 0.9383403 0.9705229 0.9383403 0.9727166 0.9394242 0.9716238 0.9383403 0.9716238 0.9742062 0.9716204 0.9731225 0.9727178 0.9742062 0.9727178 0.9742062 0.9705229 0.9731225 0.9716204 0.9742062 0.9716204 0.9724317 0.9156026 0.9716902 0.914519 0.9716902 0.9156026 0.973173 0.9156025 0.9724314 0.9145188 0.9724317 0.9156026 0.9739144 0.9156024 0.9731729 0.9145188 0.973173 0.9156025 0.94312 0.4993104 0.960459 0.9078307 0.960459 0.4993104 0.9437589 0.9437792 0.939424 0.9705229 0.9408563 0.9705229 0.9716902 0.9171311 0.9731225 0.9705229 0.9731224 0.9170348 0.9664455 0.5178642 0.9654303 0.5188794 0.9664455 0.5192964 0.9716903 0.9705229 0.9727055 0.971538 0.9731225 0.9705229 0.9610976 0.9437792 0.9621813 0.9719551 0.9621813 0.9437792 0.9716902 0.9171311 0.9729307 0.9163187 0.9724064 0.9157944 0.9731224 0.9170348 0.9729307 0.9163187 0.9716902 0.9171311 0.9408562 0.9170356 0.9398346 0.9160285 0.9394242 0.9170356 0.940856 0.9156034 0.9398346 0.9160285 0.9408562 0.9170356 0.9657292 0.4631358 0.965205 0.46366 0.9664455 0.464483 0.9171115 0.4993104 0.94312 0.9078307 0.94312 0.4993104 0.995112 0.5192964 0.9961228 0.5188813 0.995112 0.5178642 0.9716902 0.9719551 0.9727055 0.971538 0.9716903 0.9705229 0.965013 0.5178642 0.9654303 0.5188794 0.9664455 0.5178642 0.9437589 0.9437792 0.9394242 0.9170356 0.9437589 0.9307751 0.895438 0.4993104 0.908442 0.9078307 0.895438 0.9078307 0.9524281 0.9177709 0.9621813 0.9156035 0.9610976 0.9177709 0.8867685 0.9078307 0.895438 0.4993104 0.895438 0.9078307 0.9610976 0.9177709 0.9621813 0.9437792 0.9610976 0.9437792 0.9524281 0.9177709 0.9408562 0.9170356 0.940856 0.9156034 0.9408562 0.9170356 0.9437589 0.9307751 0.9394242 0.9170356 0.9524281 0.9177709 0.9437589 0.9307751 0.9408562 0.9170356 0.9408563 0.9705229 0.9621813 0.9719551 0.9408562 0.9719551 0.8737643 0.4993104 0.8867685 0.9078307 0.8737643 0.9078307 0.940856 0.9156034 0.9610976 0.9145198 0.9621813 0.9156035 0.9664455 0.462944 0.9664455 0.464483 0.9657292 0.4631358 0.9951122 0.4643771 0.9748706 0.4629448 0.995112 0.4629448 0.939424 0.9705229 0.9383403 0.9170356 0.9394242 0.9170356 0.9951122 0.4643771 0.9965444 0.464377 0.9965444 0.5178642 0.9408562 0.9719551 0.9610976 0.9730387 0.9408562 0.9730387 0.9748706 0.5192964 0.995112 0.5178642 0.995112 0.5192964 0.9716902 0.9719551 0.9632651 0.9730387 0.9621813 0.9719551 0.9748706 0.4629448 0.9664455 0.464483 0.9664455 0.462944 0.9716902 0.9171311 0.9716902 0.9156026 0.9724064 0.9157944 0.9965444 0.5178642 0.995112 0.5178642 0.9951122 0.4643771 0.9951122 0.4643771 0.9748706 0.5192964 0.9748706 0.4629448 0.9610976 0.9437792 0.9408563 0.9705229 0.9437589 0.9437792 0.9621813 0.9437792 0.9716903 0.9705229 0.9621813 0.9719551 0.9621813 0.9719551 0.9716903 0.9705229 0.9716902 0.9719551 0.9748706 0.5192964 0.9664455 0.5192964 0.9664455 0.5178642 0.965013 0.5178642 0.9664455 0.464483 0.9664455 0.5178642 0.939424 0.9705229 0.9408563 0.9705229 0.9398453 0.97154 0.9664455 0.464483 0.9748706 0.5192964 0.9664455 0.5178642 0.9664455 0.464483 0.965013 0.4643761 0.965205 0.46366 0.9742062 0.9705229 0.9731224 0.9170348 0.9742062 0.9170348 0.9716902 0.9171311 0.9621813 0.9437792 0.9621813 0.9156035 0.963265 0.9145197 0.9716902 0.9156026 0.9621813 0.9156035 0.9951122 0.4643771 0.9961336 0.4633699 0.9965444 0.464377 0.9171115 0.9078307 0.908442 0.4993104 0.9171115 0.4993104 0.995112 0.5178642 0.9965444 0.5178642 0.9961228 0.5188813 0.9408563 0.9705229 0.9408562 0.9719551 0.9398453 0.97154 0.9621813 0.9156035 0.9716902 0.9156026 0.9716902 0.9171311 0.9386622 0.9145198 0.9397497 0.9156035 0.9386622 0.9156035 0.9397497 0.9145198 0.940856 0.9156034 0.9397497 0.9156035 0.939424 0.9705229 0.9383403 0.9716238 0.9383403 0.9705229 0.9394242 0.9716238 0.9383403 0.9727166 0.9383403 0.9716238 0.9731225 0.9727178 0.9742062 0.9716204 0.9742062 0.9727178 0.9731225 0.9716204 0.9742062 0.9705229 0.9742062 0.9716204 0.9716902 0.914519 0.9724317 0.9156026 0.9716902 0.9156026 0.9724314 0.9145188 0.973173 0.9156025 0.9724317 0.9156026 0.9731729 0.9145188 0.9739144 0.9156024 0.973173 0.9156025 0.960459 0.9078307 0.94312 0.4993104 0.960459 0.4993104 0.9437589 0.9437792 0.9408563 0.9705229 0.939424 0.9705229 0.9716902 0.9171311 0.9731225 0.9705229 0.9716903 0.9705229 0.9664455 0.5178642 0.9664455 0.5192964 0.9654303 0.5188794 0.9716903 0.9705229 0.9731225 0.9705229 0.9727055 0.971538 0.9610976 0.9437792 0.9621813 0.9437792 0.9621813 0.9719551 0.9716902 0.9171311 0.9724064 0.9157944 0.9729307 0.9163187 0.9731224 0.9170348 0.9716902 0.9171311 0.9729307 0.9163187 0.9408562 0.9170356 0.9394242 0.9170356 0.9398346 0.9160285 0.940856 0.9156034 0.9408562 0.9170356 0.9398346 0.9160285 0.9657292 0.4631358 0.9664455 0.464483 0.965205 0.46366 0.94312 0.9078307 0.9171115 0.4993104 0.94312 0.4993104 0.995112 0.5192964 0.995112 0.5178642 0.9961228 0.5188813 0.9716902 0.9719551 0.9716903 0.9705229 0.9727055 0.971538 0.965013 0.5178642 0.9664455 0.5178642 0.9654303 0.5188794 0.9437589 0.9437792 0.9394242 0.9170356 0.9437589 0.9307751 0.895438 0.4993104 0.908442 0.9078307 0.895438 0.9078307 0.9524281 0.9177709 0.9621813 0.9156035 0.9610976 0.9177709 0.8867685 0.9078307 0.895438 0.4993104 0.895438 0.9078307 0.9610976 0.9177709 0.9621813 0.9437792 0.9610976 0.9437792 0.9524281 0.9177709 0.9408562 0.9170356 0.940856 0.9156034 0.9408562 0.9170356 0.9437589 0.9307751 0.9394242 0.9170356 0.9524281 0.9177709 0.9437589 0.9307751 0.9408562 0.9170356 0.9408563 0.9705229 0.9621813 0.9719551 0.9408562 0.9719551 0.8737643 0.4993104 0.8867685 0.9078307 0.8737643 0.9078307 0.940856 0.9156034 0.9610976 0.9145198 0.9621813 0.9156035 0.9664455 0.462944 0.9664455 0.464483 0.9657292 0.4631358 0.9951122 0.4643771 0.9748706 0.4629448 0.995112 0.4629448 0.939424 0.9705229 0.9383403 0.9170356 0.9394242 0.9170356 0.9951122 0.4643771 0.9965444 0.464377 0.9965444 0.5178642 0.9408562 0.9719551 0.9610976 0.9730387 0.9408562 0.9730387 0.9748706 0.5192964 0.995112 0.5178642 0.995112 0.5192964 0.9716902 0.9719551 0.9632651 0.9730387 0.9621813 0.9719551 0.9748706 0.4629448 0.9664455 0.464483 0.9664455 0.462944 0.9716902 0.9171311 0.9716902 0.9156026 0.9724064 0.9157944 0.9965444 0.5178642 0.995112 0.5178642 0.9951122 0.4643771 0.9748706 0.4629448 0.995112 0.5178642 0.9748706 0.5192964 0.9610976 0.9437792 0.9408563 0.9705229 0.9437589 0.9437792 0.9621813 0.9437792 0.9716903 0.9705229 0.9621813 0.9719551 0.9621813 0.9719551 0.9716903 0.9705229 0.9716902 0.9719551 0.9748706 0.5192964 0.9664455 0.5192964 0.9664455 0.5178642 0.965013 0.5178642 0.9664455 0.464483 0.9664455 0.5178642 0.939424 0.9705229 0.9408563 0.9705229 0.9398453 0.97154 0.9664455 0.464483 0.9748706 0.5192964 0.9664455 0.5178642 0.9664455 0.464483 0.965013 0.4643761 0.965205 0.46366 0.9742062 0.9705229 0.9731224 0.9170348 0.9742062 0.9170348 0.9716902 0.9171311 0.9621813 0.9437792 0.9621813 0.9156035 0.963265 0.9145197 0.9716902 0.9156026 0.9621813 0.9156035 0.9951122 0.4643771 0.9961336 0.4633699 0.9965444 0.464377 0.9171115 0.9078307 0.908442 0.4993104 0.9171115 0.4993104 0.995112 0.5178642 0.9965444 0.5178642 0.9961228 0.5188813 0.9408563 0.9705229 0.9408562 0.9719551 0.9398453 0.97154 0.9621813 0.9156035 0.9716902 0.9156026 0.9716902 0.9171311 0.9386622 0.9145198 0.9397497 0.9156035 0.9386622 0.9156035 0.9397497 0.9145198 0.940856 0.9156034 0.9397497 0.9156035 0.939424 0.9705229 0.9383403 0.9716238 0.9383403 0.9705229 0.9394242 0.9716238 0.9383403 0.9727166 0.9383403 0.9716238 0.9731225 0.9727178 0.9742062 0.9716204 0.9742062 0.9727178 0.9731225 0.9716204 0.9742062 0.9705229 0.9742062 0.9716204 0.9716902 0.914519 0.9724317 0.9156026 0.9716902 0.9156026 0.9724314 0.9145188 0.973173 0.9156025 0.9724317 0.9156026 0.9731729 0.9145188 0.9739144 0.9156024 0.973173 0.9156025 0.960459 0.9078307 0.94312 0.4993104 0.960459 0.4993104 0.9437589 0.9437792 0.9408563 0.9705229 0.939424 0.9705229 0.9716902 0.9171311 0.9731225 0.9705229 0.9716903 0.9705229 0.9664455 0.5178642 0.9664455 0.5192964 0.9654303 0.5188794 0.9716903 0.9705229 0.9731225 0.9705229 0.9727055 0.971538 0.9610976 0.9437792 0.9621813 0.9437792 0.9621813 0.9719551 0.9716902 0.9171311 0.9724064 0.9157944 0.9729307 0.9163187 0.9731224 0.9170348 0.9716902 0.9171311 0.9729307 0.9163187 0.9408562 0.9170356 0.9394242 0.9170356 0.9398346 0.9160285 0.940856 0.9156034 0.9408562 0.9170356 0.9398346 0.9160285 0.9657292 0.4631358 0.9664455 0.464483 0.965205 0.46366 0.94312 0.9078307 0.9171115 0.4993104 0.94312 0.4993104 0.995112 0.5192964 0.995112 0.5178642 0.9961228 0.5188813 0.9716902 0.9719551 0.9716903 0.9705229 0.9727055 0.971538 0.965013 0.5178642 0.9664455 0.5178642 0.9654303 0.5188794 0.9394242 0.9170356 0.9437589 0.9437792 0.9437589 0.9307751 0.908442 0.9078307 0.895438 0.4993104 0.895438 0.9078307 0.9621813 0.9156035 0.9524281 0.9177709 0.9610976 0.9177709 0.895438 0.4993104 0.8867685 0.9078307 0.895438 0.9078307 0.9621813 0.9437792 0.9610976 0.9177709 0.9610976 0.9437792 0.9524281 0.9177709 0.940856 0.9156034 0.9408562 0.9170356 0.9408562 0.9170356 0.9394242 0.9170356 0.9437589 0.9307751 0.9437589 0.9307751 0.9524281 0.9177709 0.9408562 0.9170356 0.9408563 0.9705229 0.9408562 0.9719551 0.9621813 0.9719551 0.8867685 0.9078307 0.8737643 0.4993104 0.8737643 0.9078307 0.9610976 0.9145198 0.940856 0.9156034 0.9621813 0.9156035 0.9664455 0.462944 0.9657292 0.4631358 0.9664455 0.464483 0.9951122 0.4643771 0.995112 0.4629448 0.9748706 0.4629448 0.9383403 0.9170356 0.939424 0.9705229 0.9394242 0.9170356 0.9951122 0.4643771 0.9965444 0.5178642 0.9965444 0.464377 0.9408562 0.9719551 0.9610976 0.9730387 0.9621813 0.9719551 0.9748706 0.5192964 0.995112 0.5192964 0.995112 0.5178642 0.9632651 0.9730387 0.9716902 0.9719551 0.9621813 0.9719551 0.9748706 0.4629448 0.9664455 0.462944 0.9664455 0.464483 0.9716902 0.9171311 0.9724064 0.9157944 0.9716902 0.9156026 0.9965444 0.5178642 0.9951122 0.4643771 0.995112 0.5178642 0.9748706 0.5192964 0.9951122 0.4643771 0.9748706 0.4629448 0.9408563 0.9705229 0.9610976 0.9437792 0.9437589 0.9437792 0.9621813 0.9437792 0.9716903 0.9705229 0.9716902 0.9171311 0.9621813 0.9719551 0.9716902 0.9719551 0.9716903 0.9705229 0.9748706 0.5192964 0.9664455 0.5178642 0.9664455 0.5192964 0.965013 0.5178642 0.9664455 0.464483 0.965013 0.4643761 0.939424 0.9705229 0.9398453 0.97154 0.9408563 0.9705229 0.9748706 0.5192964 0.9664455 0.464483 0.9664455 0.5178642 0.9664455 0.464483 0.965205 0.46366 0.965013 0.4643761 0.9731224 0.9170348 0.9742062 0.9705229 0.9742062 0.9170348 0.9716902 0.9171311 0.9621813 0.9156035 0.9621813 0.9437792 0.9716902 0.9156026 0.963265 0.9145197 0.9621813 0.9156035 0.9951122 0.4643771 0.9961336 0.4633699 0.995112 0.4629448 0.908442 0.4993104 0.9171115 0.9078307 0.9171115 0.4993104 0.995112 0.5178642 0.9961228 0.5188813 0.9965444 0.5178642 0.9408563 0.9705229 0.9398453 0.97154 0.9408562 0.9719551 0.9621813 0.9156035 0.9716902 0.9171311 0.9716902 0.9156026 0.9397497 0.9156035 0.9386622 0.9145198 0.9386622 0.9156035 0.940856 0.9156034 0.9397497 0.9145198 0.9397497 0.9156035 0.9383403 0.9716238 0.939424 0.9705229 0.9383403 0.9705229 0.9383403 0.9727166 0.9394242 0.9716238 0.9383403 0.9716238 0.9742062 0.9716204 0.9731225 0.9727178 0.9742062 0.9727178 0.9742062 0.9705229 0.9731225 0.9716204 0.9742062 0.9716204 0.9724317 0.9156026 0.9716902 0.914519 0.9716902 0.9156026 0.973173 0.9156025 0.9724314 0.9145188 0.9724317 0.9156026 0.9739144 0.9156024 0.9731729 0.9145188 0.973173 0.9156025 0.94312 0.4993104 0.960459 0.9078307 0.960459 0.4993104 0.9437589 0.9437792 0.939424 0.9705229 0.9408563 0.9705229 0.9716902 0.9171311 0.9731225 0.9705229 0.9731224 0.9170348 0.9664455 0.5178642 0.9654303 0.5188794 0.9664455 0.5192964 0.9716903 0.9705229 0.9727055 0.971538 0.9731225 0.9705229 0.9610976 0.9437792 0.9621813 0.9719551 0.9621813 0.9437792 0.9716902 0.9171311 0.9729307 0.9163187 0.9724064 0.9157944 0.9731224 0.9170348 0.9729307 0.9163187 0.9716902 0.9171311 0.9408562 0.9170356 0.9398346 0.9160285 0.9394242 0.9170356 0.940856 0.9156034 0.9398346 0.9160285 0.9408562 0.9170356 0.9657292 0.4631358 0.965205 0.46366 0.9664455 0.464483 0.9171115 0.4993104 0.94312 0.9078307 0.94312 0.4993104 0.995112 0.5192964 0.9961228 0.5188813 0.995112 0.5178642 0.9716902 0.9719551 0.9727055 0.971538 0.9716903 0.9705229 0.965013 0.5178642 0.9654303 0.5188794 0.9664455 0.5178642 0.9394242 0.9170356 0.9437589 0.9437792 0.9437589 0.9307751 0.908442 0.9078307 0.895438 0.4993104 0.895438 0.9078307 0.9621813 0.9156035 0.9524281 0.9177709 0.9610976 0.9177709 0.895438 0.4993104 0.8867685 0.9078307 0.895438 0.9078307 0.9621813 0.9437792 0.9610976 0.9177709 0.9610976 0.9437792 0.9524281 0.9177709 0.940856 0.9156034 0.9408562 0.9170356 0.9408562 0.9170356 0.9394242 0.9170356 0.9437589 0.9307751 0.9437589 0.9307751 0.9524281 0.9177709 0.9408562 0.9170356 0.9408563 0.9705229 0.9408562 0.9719551 0.9621813 0.9719551 0.8867685 0.9078307 0.8737643 0.4993104 0.8737643 0.9078307 0.9610976 0.9145198 0.940856 0.9156034 0.9621813 0.9156035 0.9664455 0.462944 0.9657292 0.4631358 0.9664455 0.464483 0.9951122 0.4643771 0.995112 0.4629448 0.9748706 0.4629448 0.9383403 0.9170356 0.939424 0.9705229 0.9394242 0.9170356 0.9951122 0.4643771 0.9965444 0.5178642 0.9965444 0.464377 0.9408562 0.9719551 0.9610976 0.9730387 0.9621813 0.9719551 0.9748706 0.5192964 0.995112 0.5192964 0.995112 0.5178642 0.9632651 0.9730387 0.9716902 0.9719551 0.9621813 0.9719551 0.9748706 0.4629448 0.9664455 0.462944 0.9664455 0.464483 0.9716902 0.9171311 0.9724064 0.9157944 0.9716902 0.9156026 0.9965444 0.5178642 0.9951122 0.4643771 0.995112 0.5178642 0.9748706 0.4629448 0.995112 0.5178642 0.9951122 0.4643771 0.9408563 0.9705229 0.9610976 0.9437792 0.9437589 0.9437792 0.9621813 0.9437792 0.9716903 0.9705229 0.9716902 0.9171311 0.9621813 0.9719551 0.9716902 0.9719551 0.9716903 0.9705229 0.9748706 0.5192964 0.9664455 0.5178642 0.9664455 0.5192964 0.965013 0.5178642 0.9664455 0.464483 0.965013 0.4643761 0.939424 0.9705229 0.9398453 0.97154 0.9408563 0.9705229 0.9748706 0.5192964 0.9664455 0.464483 0.9664455 0.5178642 0.9664455 0.464483 0.965205 0.46366 0.965013 0.4643761 0.9731224 0.9170348 0.9742062 0.9705229 0.9742062 0.9170348 0.9716902 0.9171311 0.9621813 0.9156035 0.9621813 0.9437792 0.9716902 0.9156026 0.963265 0.9145197 0.9621813 0.9156035 0.9951122 0.4643771 0.9961336 0.4633699 0.995112 0.4629448 0.908442 0.4993104 0.9171115 0.9078307 0.9171115 0.4993104 0.995112 0.5178642 0.9961228 0.5188813 0.9965444 0.5178642 0.9408563 0.9705229 0.9398453 0.97154 0.9408562 0.9719551 0.9621813 0.9156035 0.9716902 0.9171311 0.9716902 0.9156026 0.9397497 0.9156035 0.9386622 0.9145198 0.9386622 0.9156035 0.940856 0.9156034 0.9397497 0.9145198 0.9397497 0.9156035 0.9383403 0.9716238 0.939424 0.9705229 0.9383403 0.9705229 0.9383403 0.9727166 0.9394242 0.9716238 0.9383403 0.9716238 0.9742062 0.9716204 0.9731225 0.9727178 0.9742062 0.9727178 0.9742062 0.9705229 0.9731225 0.9716204 0.9742062 0.9716204 0.9724317 0.9156026 0.9716902 0.914519 0.9716902 0.9156026 0.973173 0.9156025 0.9724314 0.9145188 0.9724317 0.9156026 0.9739144 0.9156024 0.9731729 0.9145188 0.973173 0.9156025 0.94312 0.4993104 0.960459 0.9078307 0.960459 0.4993104 0.9437589 0.9437792 0.939424 0.9705229 0.9408563 0.9705229 0.9716902 0.9171311 0.9731225 0.9705229 0.9731224 0.9170348 0.9664455 0.5178642 0.9654303 0.5188794 0.9664455 0.5192964 0.9716903 0.9705229 0.9727055 0.971538 0.9731225 0.9705229 0.9610976 0.9437792 0.9621813 0.9719551 0.9621813 0.9437792 0.9716902 0.9171311 0.9729307 0.9163187 0.9724064 0.9157944 0.9731224 0.9170348 0.9729307 0.9163187 0.9716902 0.9171311 0.9408562 0.9170356 0.9398346 0.9160285 0.9394242 0.9170356 0.940856 0.9156034 0.9398346 0.9160285 0.9408562 0.9170356 0.9657292 0.4631358 0.965205 0.46366 0.9664455 0.464483 0.9171115 0.4993104 0.94312 0.9078307 0.94312 0.4993104 0.995112 0.5192964 0.9961228 0.5188813 0.995112 0.5178642 0.9716902 0.9719551 0.9727055 0.971538 0.9716903 0.9705229 0.965013 0.5178642 0.9654303 0.5188794 0.9664455 0.5178642 0.9437589 0.9437792 0.9394242 0.9170356 0.9437589 0.9307751 0.895438 0.4993104 0.908442 0.9078307 0.895438 0.9078307 0.9524281 0.9177709 0.9621813 0.9156035 0.9610976 0.9177709 0.8867685 0.9078307 0.895438 0.4993104 0.895438 0.9078307 0.9610976 0.9177709 0.9621813 0.9437792 0.9610976 0.9437792 0.9524281 0.9177709 0.9408562 0.9170356 0.940856 0.9156034 0.9408562 0.9170356 0.9437589 0.9307751 0.9394242 0.9170356 0.9524281 0.9177709 0.9437589 0.9307751 0.9408562 0.9170356 0.9408563 0.9705229 0.9621813 0.9719551 0.9408562 0.9719551 0.8737643 0.4993104 0.8867685 0.9078307 0.8737643 0.9078307 0.940856 0.9156034 0.9610976 0.9145198 0.9621813 0.9156035 0.9664455 0.462944 0.9664455 0.464483 0.9657292 0.4631358 0.9951122 0.4643771 0.9748706 0.4629448 0.995112 0.4629448 0.939424 0.9705229 0.9383403 0.9170356 0.9394242 0.9170356 0.9951122 0.4643771 0.9965444 0.464377 0.9965444 0.5178642 0.9408562 0.9719551 0.9610976 0.9730387 0.9408562 0.9730387 0.9748706 0.5192964 0.995112 0.5178642 0.995112 0.5192964 0.9716902 0.9719551 0.9632651 0.9730387 0.9621813 0.9719551 0.9748706 0.4629448 0.9664455 0.464483 0.9664455 0.462944 0.9716902 0.9171311 0.9716902 0.9156026 0.9724064 0.9157944 0.9965444 0.5178642 0.995112 0.5178642 0.9951122 0.4643771 0.9951122 0.4643771 0.9748706 0.5192964 0.9748706 0.4629448 0.9610976 0.9437792 0.9408563 0.9705229 0.9437589 0.9437792 0.9621813 0.9437792 0.9716903 0.9705229 0.9621813 0.9719551 0.9621813 0.9719551 0.9716903 0.9705229 0.9716902 0.9719551 0.9748706 0.5192964 0.9664455 0.5192964 0.9664455 0.5178642 0.965013 0.5178642 0.9664455 0.464483 0.9664455 0.5178642 0.939424 0.9705229 0.9408563 0.9705229 0.9398453 0.97154 0.9664455 0.464483 0.9748706 0.5192964 0.9664455 0.5178642 0.9664455 0.464483 0.965013 0.4643761 0.965205 0.46366 0.9742062 0.9705229 0.9731224 0.9170348 0.9742062 0.9170348 0.9716902 0.9171311 0.9621813 0.9437792 0.9621813 0.9156035 0.963265 0.9145197 0.9716902 0.9156026 0.9621813 0.9156035 0.9951122 0.4643771 0.9961336 0.4633699 0.9965444 0.464377 0.9171115 0.9078307 0.908442 0.4993104 0.9171115 0.4993104 0.995112 0.5178642 0.9965444 0.5178642 0.9961228 0.5188813 0.9408563 0.9705229 0.9408562 0.9719551 0.9398453 0.97154 0.9621813 0.9156035 0.9716902 0.9156026 0.9716902 0.9171311 0.9386622 0.9145198 0.9397497 0.9156035 0.9386622 0.9156035 0.9397497 0.9145198 0.940856 0.9156034 0.9397497 0.9156035 0.939424 0.9705229 0.9383403 0.9716238 0.9383403 0.9705229 0.9394242 0.9716238 0.9383403 0.9727166 0.9383403 0.9716238 0.9731225 0.9727178 0.9742062 0.9716204 0.9742062 0.9727178 0.9731225 0.9716204 0.9742062 0.9705229 0.9742062 0.9716204 0.9716902 0.914519 0.9724317 0.9156026 0.9716902 0.9156026 0.9724314 0.9145188 0.973173 0.9156025 0.9724317 0.9156026 0.9731729 0.9145188 0.9739144 0.9156024 0.973173 0.9156025 0.960459 0.9078307 0.94312 0.4993104 0.960459 0.4993104 0.9437589 0.9437792 0.9408563 0.9705229 0.939424 0.9705229 0.9716902 0.9171311 0.9731225 0.9705229 0.9716903 0.9705229 0.9664455 0.5178642 0.9664455 0.5192964 0.9654303 0.5188794 0.9716903 0.9705229 0.9731225 0.9705229 0.9727055 0.971538 0.9610976 0.9437792 0.9621813 0.9437792 0.9621813 0.9719551 0.9716902 0.9171311 0.9724064 0.9157944 0.9729307 0.9163187 0.9731224 0.9170348 0.9716902 0.9171311 0.9729307 0.9163187 0.9408562 0.9170356 0.9394242 0.9170356 0.9398346 0.9160285 0.940856 0.9156034 0.9408562 0.9170356 0.9398346 0.9160285 0.9657292 0.4631358 0.9664455 0.464483 0.965205 0.46366 0.94312 0.9078307 0.9171115 0.4993104 0.94312 0.4993104 0.995112 0.5192964 0.995112 0.5178642 0.9961228 0.5188813 0.9716902 0.9719551 0.9716903 0.9705229 0.9727055 0.971538 0.965013 0.5178642 0.9664455 0.5178642 0.9654303 0.5188794 0.9437589 0.9437792 0.9394242 0.9170356 0.9437589 0.9307751 0.895438 0.4993104 0.908442 0.9078307 0.895438 0.9078307 0.9524281 0.9177709 0.9621813 0.9156035 0.9610976 0.9177709 0.8867685 0.9078307 0.895438 0.4993104 0.895438 0.9078307 0.9610976 0.9177709 0.9621813 0.9437792 0.9610976 0.9437792 0.9524281 0.9177709 0.9408562 0.9170356 0.940856 0.9156034 0.9408562 0.9170356 0.9437589 0.9307751 0.9394242 0.9170356 0.9524281 0.9177709 0.9437589 0.9307751 0.9408562 0.9170356 0.9408563 0.9705229 0.9621813 0.9719551 0.9408562 0.9719551 0.8737643 0.4993104 0.8867685 0.9078307 0.8737643 0.9078307 0.940856 0.9156034 0.9610976 0.9145198 0.9621813 0.9156035 0.9664455 0.462944 0.9664455 0.464483 0.9657292 0.4631358 0.9951122 0.4643771 0.9748706 0.4629448 0.995112 0.4629448 0.939424 0.9705229 0.9383403 0.9170356 0.9394242 0.9170356 0.9951122 0.4643771 0.9965444 0.464377 0.9965444 0.5178642 0.9408562 0.9719551 0.9610976 0.9730387 0.9408562 0.9730387 0.9748706 0.5192964 0.995112 0.5178642 0.995112 0.5192964 0.9716902 0.9719551 0.9632651 0.9730387 0.9621813 0.9719551 0.9748706 0.4629448 0.9664455 0.464483 0.9664455 0.462944 0.9716902 0.9171311 0.9716902 0.9156026 0.9724064 0.9157944 0.9965444 0.5178642 0.995112 0.5178642 0.9951122 0.4643771 0.9748706 0.4629448 0.995112 0.5178642 0.9748706 0.5192964 0.9610976 0.9437792 0.9408563 0.9705229 0.9437589 0.9437792 0.9621813 0.9437792 0.9716903 0.9705229 0.9621813 0.9719551 0.9621813 0.9719551 0.9716903 0.9705229 0.9716902 0.9719551 0.9748706 0.5192964 0.9664455 0.5192964 0.9664455 0.5178642 0.965013 0.5178642 0.9664455 0.464483 0.9664455 0.5178642 0.939424 0.9705229 0.9408563 0.9705229 0.9398453 0.97154 0.9664455 0.464483 0.9748706 0.5192964 0.9664455 0.5178642 0.9664455 0.464483 0.965013 0.4643761 0.965205 0.46366 0.9742062 0.9705229 0.9731224 0.9170348 0.9742062 0.9170348 0.9716902 0.9171311 0.9621813 0.9437792 0.9621813 0.9156035 0.963265 0.9145197 0.9716902 0.9156026 0.9621813 0.9156035 0.9951122 0.4643771 0.9961336 0.4633699 0.9965444 0.464377 0.9171115 0.9078307 0.908442 0.4993104 0.9171115 0.4993104 0.995112 0.5178642 0.9965444 0.5178642 0.9961228 0.5188813 0.9408563 0.9705229 0.9408562 0.9719551 0.9398453 0.97154 0.9621813 0.9156035 0.9716902 0.9156026 0.9716902 0.9171311 0.9386622 0.9145198 0.9397497 0.9156035 0.9386622 0.9156035 0.9397497 0.9145198 0.940856 0.9156034 0.9397497 0.9156035 0.939424 0.9705229 0.9383403 0.9716238 0.9383403 0.9705229 0.9394242 0.9716238 0.9383403 0.9727166 0.9383403 0.9716238 0.9731225 0.9727178 0.9742062 0.9716204 0.9742062 0.9727178 0.9731225 0.9716204 0.9742062 0.9705229 0.9742062 0.9716204 0.9716902 0.914519 0.9724317 0.9156026 0.9716902 0.9156026 0.9724314 0.9145188 0.973173 0.9156025 0.9724317 0.9156026 0.9731729 0.9145188 0.9739144 0.9156024 0.973173 0.9156025 0.960459 0.9078307 0.94312 0.4993104 0.960459 0.4993104 0.9437589 0.9437792 0.9408563 0.9705229 0.939424 0.9705229 0.9716902 0.9171311 0.9731225 0.9705229 0.9716903 0.9705229 0.9664455 0.5178642 0.9664455 0.5192964 0.9654303 0.5188794 0.9716903 0.9705229 0.9731225 0.9705229 0.9727055 0.971538 0.9610976 0.9437792 0.9621813 0.9437792 0.9621813 0.9719551 0.9716902 0.9171311 0.9724064 0.9157944 0.9729307 0.9163187 0.9731224 0.9170348 0.9716902 0.9171311 0.9729307 0.9163187 0.9408562 0.9170356 0.9394242 0.9170356 0.9398346 0.9160285 0.940856 0.9156034 0.9408562 0.9170356 0.9398346 0.9160285 0.9657292 0.4631358 0.9664455 0.464483 0.965205 0.46366 0.94312 0.9078307 0.9171115 0.4993104 0.94312 0.4993104 0.995112 0.5192964 0.995112 0.5178642 0.9961228 0.5188813 0.9716902 0.9719551 0.9716903 0.9705229 0.9727055 0.971538 0.965013 0.5178642 0.9664455 0.5178642 0.9654303 0.5188794 0.9394242 0.9170356 0.9437589 0.9437792 0.9437589 0.9307751 0.908442 0.9078307 0.895438 0.4993104 0.895438 0.9078307 0.9621813 0.9156035 0.9524281 0.9177709 0.9610976 0.9177709 0.895438 0.4993104 0.8867685 0.9078307 0.895438 0.9078307 0.9621813 0.9437792 0.9610976 0.9177709 0.9610976 0.9437792 0.9524281 0.9177709 0.940856 0.9156034 0.9408562 0.9170356 0.9408562 0.9170356 0.9394242 0.9170356 0.9437589 0.9307751 0.9437589 0.9307751 0.9524281 0.9177709 0.9408562 0.9170356 0.9408563 0.9705229 0.9408562 0.9719551 0.9621813 0.9719551 0.8867685 0.9078307 0.8737643 0.4993104 0.8737643 0.9078307 0.9610976 0.9145198 0.940856 0.9156034 0.9621813 0.9156035 0.9664455 0.462944 0.9657292 0.4631358 0.9664455 0.464483 0.9951122 0.4643771 0.995112 0.4629448 0.9748706 0.4629448 0.9383403 0.9170356 0.939424 0.9705229 0.9394242 0.9170356 0.9951122 0.4643771 0.9965444 0.5178642 0.9965444 0.464377 0.9408562 0.9719551 0.9610976 0.9730387 0.9621813 0.9719551 0.9748706 0.5192964 0.995112 0.5192964 0.995112 0.5178642 0.9632651 0.9730387 0.9716902 0.9719551 0.9621813 0.9719551 0.9748706 0.4629448 0.9664455 0.462944 0.9664455 0.464483 0.9716902 0.9171311 0.9724064 0.9157944 0.9716902 0.9156026 0.9965444 0.5178642 0.9951122 0.4643771 0.995112 0.5178642 0.9748706 0.5192964 0.9951122 0.4643771 0.9748706 0.4629448 0.9408563 0.9705229 0.9610976 0.9437792 0.9437589 0.9437792 0.9621813 0.9437792 0.9716903 0.9705229 0.9716902 0.9171311 0.9621813 0.9719551 0.9716902 0.9719551 0.9716903 0.9705229 0.9748706 0.5192964 0.9664455 0.5178642 0.9664455 0.5192964 0.965013 0.5178642 0.9664455 0.464483 0.965013 0.4643761 0.939424 0.9705229 0.9398453 0.97154 0.9408563 0.9705229 0.9748706 0.5192964 0.9664455 0.464483 0.9664455 0.5178642 0.9664455 0.464483 0.965205 0.46366 0.965013 0.4643761 0.9731224 0.9170348 0.9742062 0.9705229 0.9742062 0.9170348 0.9716902 0.9171311 0.9621813 0.9156035 0.9621813 0.9437792 0.9716902 0.9156026 0.963265 0.9145197 0.9621813 0.9156035 0.9951122 0.4643771 0.9961336 0.4633699 0.995112 0.4629448 0.908442 0.4993104 0.9171115 0.9078307 0.9171115 0.4993104 0.995112 0.5178642 0.9961228 0.5188813 0.9965444 0.5178642 0.9408563 0.9705229 0.9398453 0.97154 0.9408562 0.9719551 0.9621813 0.9156035 0.9716902 0.9171311 0.9716902 0.9156026 0.9397497 0.9156035 0.9386622 0.9145198 0.9386622 0.9156035 0.940856 0.9156034 0.9397497 0.9145198 0.9397497 0.9156035 0.9383403 0.9716238 0.939424 0.9705229 0.9383403 0.9705229 0.9383403 0.9727166 0.9394242 0.9716238 0.9383403 0.9716238 0.9742062 0.9716204 0.9731225 0.9727178 0.9742062 0.9727178 0.9742062 0.9705229 0.9731225 0.9716204 0.9742062 0.9716204 0.9724317 0.9156026 0.9716902 0.914519 0.9716902 0.9156026 0.973173 0.9156025 0.9724314 0.9145188 0.9724317 0.9156026 0.9739144 0.9156024 0.9731729 0.9145188 0.973173 0.9156025 0.94312 0.4993104 0.960459 0.9078307 0.960459 0.4993104 0.9437589 0.9437792 0.939424 0.9705229 0.9408563 0.9705229 0.9716902 0.9171311 0.9731225 0.9705229 0.9731224 0.9170348 0.9664455 0.5178642 0.9654303 0.5188794 0.9664455 0.5192964 0.9716903 0.9705229 0.9727055 0.971538 0.9731225 0.9705229 0.9610976 0.9437792 0.9621813 0.9719551 0.9621813 0.9437792 0.9716902 0.9171311 0.9729307 0.9163187 0.9724064 0.9157944 0.9731224 0.9170348 0.9729307 0.9163187 0.9716902 0.9171311 0.9408562 0.9170356 0.9398346 0.9160285 0.9394242 0.9170356 0.940856 0.9156034 0.9398346 0.9160285 0.9408562 0.9170356 0.9657292 0.4631358 0.965205 0.46366 0.9664455 0.464483 0.9171115 0.4993104 0.94312 0.9078307 0.94312 0.4993104 0.995112 0.5192964 0.9961228 0.5188813 0.995112 0.5178642 0.9716902 0.9719551 0.9727055 0.971538 0.9716903 0.9705229 0.965013 0.5178642 0.9654303 0.5188794 0.9664455 0.5178642 0.9394242 0.9170356 0.9437589 0.9437792 0.9437589 0.9307751 0.908442 0.9078307 0.895438 0.4993104 0.895438 0.9078307 0.9621813 0.9156035 0.9524281 0.9177709 0.9610976 0.9177709 0.895438 0.4993104 0.8867685 0.9078307 0.895438 0.9078307 0.9621813 0.9437792 0.9610976 0.9177709 0.9610976 0.9437792 0.9524281 0.9177709 0.940856 0.9156034 0.9408562 0.9170356 0.9408562 0.9170356 0.9394242 0.9170356 0.9437589 0.9307751 0.9437589 0.9307751 0.9524281 0.9177709 0.9408562 0.9170356 0.9408563 0.9705229 0.9408562 0.9719551 0.9621813 0.9719551 0.8867685 0.9078307 0.8737643 0.4993104 0.8737643 0.9078307 0.9610976 0.9145198 0.940856 0.9156034 0.9621813 0.9156035 0.9664455 0.462944 0.9657292 0.4631358 0.9664455 0.464483 0.9951122 0.4643771 0.995112 0.4629448 0.9748706 0.4629448 0.9383403 0.9170356 0.939424 0.9705229 0.9394242 0.9170356 0.9951122 0.4643771 0.9965444 0.5178642 0.9965444 0.464377 0.9408562 0.9719551 0.9610976 0.9730387 0.9621813 0.9719551 0.9748706 0.5192964 0.995112 0.5192964 0.995112 0.5178642 0.9632651 0.9730387 0.9716902 0.9719551 0.9621813 0.9719551 0.9748706 0.4629448 0.9664455 0.462944 0.9664455 0.464483 0.9716902 0.9171311 0.9724064 0.9157944 0.9716902 0.9156026 0.9965444 0.5178642 0.9951122 0.4643771 0.995112 0.5178642 0.9748706 0.4629448 0.995112 0.5178642 0.9951122 0.4643771 0.9408563 0.9705229 0.9610976 0.9437792 0.9437589 0.9437792 0.9621813 0.9437792 0.9716903 0.9705229 0.9716902 0.9171311 0.9621813 0.9719551 0.9716902 0.9719551 0.9716903 0.9705229 0.9748706 0.5192964 0.9664455 0.5178642 0.9664455 0.5192964 0.965013 0.5178642 0.9664455 0.464483 0.965013 0.4643761 0.939424 0.9705229 0.9398453 0.97154 0.9408563 0.9705229 0.9748706 0.5192964 0.9664455 0.464483 0.9664455 0.5178642 0.9664455 0.464483 0.965205 0.46366 0.965013 0.4643761 0.9731224 0.9170348 0.9742062 0.9705229 0.9742062 0.9170348 0.9716902 0.9171311 0.9621813 0.9156035 0.9621813 0.9437792 0.9716902 0.9156026 0.963265 0.9145197 0.9621813 0.9156035 0.9951122 0.4643771 0.9961336 0.4633699 0.995112 0.4629448 0.908442 0.4993104 0.9171115 0.9078307 0.9171115 0.4993104 0.995112 0.5178642 0.9961228 0.5188813 0.9965444 0.5178642 0.9408563 0.9705229 0.9398453 0.97154 0.9408562 0.9719551 0.9621813 0.9156035 0.9716902 0.9171311 0.9716902 0.9156026 0.9397497 0.9156035 0.9386622 0.9145198 0.9386622 0.9156035 0.940856 0.9156034 0.9397497 0.9145198 0.9397497 0.9156035 0.9383403 0.9716238 0.939424 0.9705229 0.9383403 0.9705229 0.9383403 0.9727166 0.9394242 0.9716238 0.9383403 0.9716238 0.9742062 0.9716204 0.9731225 0.9727178 0.9742062 0.9727178 0.9742062 0.9705229 0.9731225 0.9716204 0.9742062 0.9716204 0.9724317 0.9156026 0.9716902 0.914519 0.9716902 0.9156026 0.973173 0.9156025 0.9724314 0.9145188 0.9724317 0.9156026 0.9739144 0.9156024 0.9731729 0.9145188 0.973173 0.9156025 0.94312 0.4993104 0.960459 0.9078307 0.960459 0.4993104 0.9437589 0.9437792 0.939424 0.9705229 0.9408563 0.9705229 0.9716902 0.9171311 0.9731225 0.9705229 0.9731224 0.9170348 0.9664455 0.5178642 0.9654303 0.5188794 0.9664455 0.5192964 0.9716903 0.9705229 0.9727055 0.971538 0.9731225 0.9705229 0.9610976 0.9437792 0.9621813 0.9719551 0.9621813 0.9437792 0.9716902 0.9171311 0.9729307 0.9163187 0.9724064 0.9157944 0.9731224 0.9170348 0.9729307 0.9163187 0.9716902 0.9171311 0.9408562 0.9170356 0.9398346 0.9160285 0.9394242 0.9170356 0.940856 0.9156034 0.9398346 0.9160285 0.9408562 0.9170356 0.9657292 0.4631358 0.965205 0.46366 0.9664455 0.464483 0.9171115 0.4993104 0.94312 0.9078307 0.94312 0.4993104 0.995112 0.5192964 0.9961228 0.5188813 0.995112 0.5178642 0.9716902 0.9719551 0.9727055 0.971538 0.9716903 0.9705229 0.965013 0.5178642 0.9654303 0.5188794 0.9664455 0.5178642 0.9437589 0.9437792 0.9394242 0.9170356 0.9437589 0.9307751 0.895438 0.4993104 0.908442 0.9078307 0.895438 0.9078307 0.9524281 0.9177709 0.9621813 0.9156035 0.9610976 0.9177709 0.8867685 0.9078307 0.895438 0.4993104 0.895438 0.9078307 0.9610976 0.9177709 0.9621813 0.9437792 0.9610976 0.9437792 0.9524281 0.9177709 0.9408562 0.9170356 0.940856 0.9156034 0.9408562 0.9170356 0.9437589 0.9307751 0.9394242 0.9170356 0.9524281 0.9177709 0.9437589 0.9307751 0.9408562 0.9170356 0.9408563 0.9705229 0.9621813 0.9719551 0.9408562 0.9719551 0.8737643 0.4993104 0.8867685 0.9078307 0.8737643 0.9078307 0.940856 0.9156034 0.9610976 0.9145198 0.9621813 0.9156035 0.9664455 0.462944 0.9664455 0.464483 0.9657292 0.4631358 0.9951122 0.4643771 0.9748706 0.4629448 0.995112 0.4629448 0.939424 0.9705229 0.9383403 0.9170356 0.9394242 0.9170356 0.9951122 0.4643771 0.9965444 0.464377 0.9965444 0.5178642 0.9408562 0.9719551 0.9610976 0.9730387 0.9408562 0.9730387 0.9748706 0.5192964 0.995112 0.5178642 0.995112 0.5192964 0.9716902 0.9719551 0.9632651 0.9730387 0.9621813 0.9719551 0.9748706 0.4629448 0.9664455 0.464483 0.9664455 0.462944 0.9716902 0.9171311 0.9716902 0.9156026 0.9724064 0.9157944 0.9965444 0.5178642 0.995112 0.5178642 0.9951122 0.4643771 0.9951122 0.4643771 0.9748706 0.5192964 0.9748706 0.4629448 0.9610976 0.9437792 0.9408563 0.9705229 0.9437589 0.9437792 0.9621813 0.9437792 0.9716903 0.9705229 0.9621813 0.9719551 0.9621813 0.9719551 0.9716903 0.9705229 0.9716902 0.9719551 0.9748706 0.5192964 0.9664455 0.5192964 0.9664455 0.5178642 0.965013 0.5178642 0.9664455 0.464483 0.9664455 0.5178642 0.939424 0.9705229 0.9408563 0.9705229 0.9398453 0.97154 0.9664455 0.464483 0.9748706 0.5192964 0.9664455 0.5178642 0.9664455 0.464483 0.965013 0.4643761 0.965205 0.46366 0.9742062 0.9705229 0.9731224 0.9170348 0.9742062 0.9170348 0.9716902 0.9171311 0.9621813 0.9437792 0.9621813 0.9156035 0.963265 0.9145197 0.9716902 0.9156026 0.9621813 0.9156035 0.9951122 0.4643771 0.9961336 0.4633699 0.9965444 0.464377 0.9171115 0.9078307 0.908442 0.4993104 0.9171115 0.4993104 0.995112 0.5178642 0.9965444 0.5178642 0.9961228 0.5188813 0.9408563 0.9705229 0.9408562 0.9719551 0.9398453 0.97154 0.9621813 0.9156035 0.9716902 0.9156026 0.9716902 0.9171311 0.9386622 0.9145198 0.9397497 0.9156035 0.9386622 0.9156035 0.9397497 0.9145198 0.940856 0.9156034 0.9397497 0.9156035 0.939424 0.9705229 0.9383403 0.9716238 0.9383403 0.9705229 0.9394242 0.9716238 0.9383403 0.9727166 0.9383403 0.9716238 0.9731225 0.9727178 0.9742062 0.9716204 0.9742062 0.9727178 0.9731225 0.9716204 0.9742062 0.9705229 0.9742062 0.9716204 0.9716902 0.914519 0.9724317 0.9156026 0.9716902 0.9156026 0.9724314 0.9145188 0.973173 0.9156025 0.9724317 0.9156026 0.9731729 0.9145188 0.9739144 0.9156024 0.973173 0.9156025 0.960459 0.9078307 0.94312 0.4993104 0.960459 0.4993104 0.9437589 0.9437792 0.9408563 0.9705229 0.939424 0.9705229 0.9716902 0.9171311 0.9731225 0.9705229 0.9716903 0.9705229 0.9664455 0.5178642 0.9664455 0.5192964 0.9654303 0.5188794 0.9716903 0.9705229 0.9731225 0.9705229 0.9727055 0.971538 0.9610976 0.9437792 0.9621813 0.9437792 0.9621813 0.9719551 0.9716902 0.9171311 0.9724064 0.9157944 0.9729307 0.9163187 0.9731224 0.9170348 0.9716902 0.9171311 0.9729307 0.9163187 0.9408562 0.9170356 0.9394242 0.9170356 0.9398346 0.9160285 0.940856 0.9156034 0.9408562 0.9170356 0.9398346 0.9160285 0.9657292 0.4631358 0.9664455 0.464483 0.965205 0.46366 0.94312 0.9078307 0.9171115 0.4993104 0.94312 0.4993104 0.995112 0.5192964 0.995112 0.5178642 0.9961228 0.5188813 0.9716902 0.9719551 0.9716903 0.9705229 0.9727055 0.971538 0.965013 0.5178642 0.9664455 0.5178642 0.9654303 0.5188794 1.00056 0.619186 0.9767012 0.6119412 0.9957481 0.6010616 0.9957481 0.6010616 0.9714378 0.6066043 0.9825805 0.5877102 0.9714378 0.6066043 0.9645246 0.5826476 0.9825805 0.5877102 0.9645246 0.6557242 0.9714378 0.6317676 0.9825805 0.6506617 0.9771966 0.757458 0.970705 0.7612056 0.964214 0.7499619 0.9825805 0.6506617 0.9767012 0.6264306 0.9957481 0.6373103 0.9767012 0.6264306 1.00056 0.619186 0.9957481 0.6373103 0.970705 0.7612056 0.9642136 0.7574575 0.964214 0.7499619 0.964214 0.7499619 0.9707055 0.7462142 0.9771969 0.7499624 0.9771969 0.7499624 0.9771966 0.757458 0.964214 0.7499619 0.9642155 0.6967706 0.9709073 0.6900788 0.9799311 0.7124863 0.9799302 0.7448623 0.9709064 0.7369937 0.9799302 0.7369937 0.9953504 0.7156494 0.9874817 0.7246732 0.9874817 0.7156493 0.9874807 0.7481318 0.9953492 0.739108 0.9953492 0.7481318 0.9986105 0.7012168 0.9907419 0.7079086 0.9907419 0.7012168 0.9953492 0.7481318 0.9874807 0.7548236 0.9874807 0.7481318 0.9799302 0.7369937 0.986622 0.7448623 0.9799302 0.7448623 0.9642145 0.7369937 0.9709063 0.7448623 0.9642145 0.7448623 0.9986105 0.692193 0.9907419 0.7012168 0.9907419 0.692193 0.9709073 0.6900788 0.9799311 0.6900788 0.9866229 0.6967707 0.9866229 0.6967707 0.9866229 0.7057945 0.9709073 0.6900788 0.9866229 0.7057945 0.9799311 0.7124863 0.9709073 0.6900788 0.9799311 0.7124863 0.9709073 0.7124863 0.9642155 0.7057945 0.9642155 0.7057945 0.9642155 0.6967706 0.9799311 0.7124863 0.9786244 0.619186 0.9957481 0.6010616 1.00056 0.619186 0.9767012 0.6119412 0.9825805 0.5877102 0.9957481 0.6010616 0.9714378 0.6066043 0.9645246 0.5826476 0.9825805 0.5877102 0.9642204 0.6337912 0.9825805 0.6506617 0.9645246 0.6557242 0.9771966 0.757458 0.970705 0.7612056 0.964214 0.7499619 0.9714378 0.6317676 0.9957481 0.6373103 0.9825805 0.6506617 0.9957481 0.6373103 0.9786244 0.619186 1.00056 0.619186 0.970705 0.7612056 0.9642136 0.7574575 0.964214 0.7499619 0.964214 0.7499619 0.9707055 0.7462142 0.9771969 0.7499624 0.9771969 0.7499624 0.9771966 0.757458 0.964214 0.7499619 0.9642155 0.6967706 0.9709073 0.6900788 0.9799311 0.7124863 0.9799302 0.7448623 0.9709064 0.7369937 0.9799302 0.7369937 0.9953504 0.7156494 0.9874817 0.7246732 0.9874817 0.7156493 0.9874807 0.7481318 0.9953492 0.739108 0.9953492 0.7481318 0.9986105 0.7012168 0.9907419 0.7079086 0.9907419 0.7012168 0.9953492 0.7481318 0.9874807 0.7548236 0.9874807 0.7481318 0.9799302 0.7369937 0.986622 0.7448623 0.9799302 0.7448623 0.9642145 0.7369937 0.9709063 0.7448623 0.9642145 0.7448623 0.9986105 0.692193 0.9907419 0.7012168 0.9907419 0.692193 0.9709073 0.6900788 0.9799311 0.6900788 0.9866229 0.6967707 0.9866229 0.6967707 0.9866229 0.7057945 0.9709073 0.6900788 0.9866229 0.7057945 0.9799311 0.7124863 0.9709073 0.6900788 0.9799311 0.7124863 0.9709073 0.7124863 0.9642155 0.7057945 0.9642155 0.7057945 0.9642155 0.6967706 0.9799311 0.7124863 0.9642155 0.6967706 0.9709073 0.6900788 0.9799311 0.7124863 0.9799302 0.7448623 0.9709064 0.7369937 0.9799302 0.7369937 0.9953504 0.7156494 0.9874817 0.7246732 0.9874817 0.7156493 0.9874807 0.7481318 0.9953492 0.739108 0.9953492 0.7481318 0.9986105 0.7012168 0.9907419 0.7079086 0.9907419 0.7012168 0.9953492 0.7481318 0.9874807 0.7548236 0.9874807 0.7481318 0.9799302 0.7369937 0.986622 0.7448623 0.9799302 0.7448623 0.9642145 0.7369937 0.9709063 0.7448623 0.9642145 0.7448623 0.9986105 0.692193 0.9907419 0.7012168 0.9907419 0.692193 0.9709073 0.6900788 0.9799311 0.6900788 0.9866229 0.6967707 0.9866229 0.6967707 0.9866229 0.7057945 0.9709073 0.6900788 0.9866229 0.7057945 0.9799311 0.7124863 0.9709073 0.6900788 0.9799311 0.7124863 0.9709073 0.7124863 0.9642155 0.7057945 0.9642155 0.7057945 0.9642155 0.6967706 0.9799311 0.7124863 0.9642155 0.6967706 0.9709073 0.6900788 0.9799311 0.7124863 0.9799302 0.7448623 0.9709064 0.7369937 0.9799302 0.7369937 0.9953504 0.7156494 0.9874817 0.7246732 0.9874817 0.7156493 0.9874807 0.7481318 0.9953492 0.739108 0.9953492 0.7481318 0.9986105 0.7012168 0.9907419 0.7079086 0.9907419 0.7012168 0.9953492 0.7481318 0.9874807 0.7548236 0.9874807 0.7481318 0.9799302 0.7369937 0.986622 0.7448623 0.9799302 0.7448623 0.9642145 0.7369937 0.9709063 0.7448623 0.9642145 0.7448623 0.9986105 0.692193 0.9907419 0.7012168 0.9907419 0.692193 0.9709073 0.6900788 0.9799311 0.6900788 0.9866229 0.6967707 0.9866229 0.6967707 0.9866229 0.7057945 0.9709073 0.6900788 0.9866229 0.7057945 0.9799311 0.7124863 0.9709073 0.6900788 0.9799311 0.7124863 0.9709073 0.7124863 0.9642155 0.7057945 0.9642155 0.7057945 0.9642155 0.6967706 0.9799311 0.7124863 0.9642155 0.6967706 0.9709073 0.6900788 0.9799311 0.7124863 0.9799302 0.7448623 0.9709064 0.7369937 0.9799302 0.7369937 0.9953504 0.7156494 0.9874817 0.7246732 0.9874817 0.7156493 0.9874807 0.7481318 0.9953492 0.739108 0.9953492 0.7481318 0.9986105 0.7012168 0.9907419 0.7079086 0.9907419 0.7012168 0.9953492 0.7481318 0.9874807 0.7548236 0.9874807 0.7481318 0.9799302 0.7369937 0.986622 0.7448623 0.9799302 0.7448623 0.9642145 0.7369937 0.9709063 0.7448623 0.9642145 0.7448623 0.9986105 0.692193 0.9907419 0.7012168 0.9907419 0.692193 0.9709073 0.6900788 0.9799311 0.6900788 0.9866229 0.6967707 0.9866229 0.6967707 0.9866229 0.7057945 0.9709073 0.6900788 0.9866229 0.7057945 0.9799311 0.7124863 0.9709073 0.6900788 0.9799311 0.7124863 0.9709073 0.7124863 0.9642155 0.7057945 0.9642155 0.7057945 0.9642155 0.6967706 0.9799311 0.7124863 0.9642155 0.6967706 0.9709073 0.6900788 0.9799311 0.7124863 0.9799302 0.7448623 0.9709064 0.7369937 0.9799302 0.7369937 0.9953504 0.7156494 0.9874817 0.7246732 0.9874817 0.7156493 0.9874807 0.7481318 0.9953492 0.739108 0.9953492 0.7481318 0.9986105 0.7012168 0.9907419 0.7079086 0.9907419 0.7012168 0.9953492 0.7481318 0.9874807 0.7548236 0.9874807 0.7481318 0.9799302 0.7369937 0.986622 0.7448623 0.9799302 0.7448623 0.9642145 0.7369937 0.9709063 0.7448623 0.9642145 0.7448623 0.9986105 0.692193 0.9907419 0.7012168 0.9907419 0.692193 0.9709073 0.6900788 0.9799311 0.6900788 0.9866229 0.6967707 0.9866229 0.6967707 0.9866229 0.7057945 0.9709073 0.6900788 0.9866229 0.7057945 0.9799311 0.7124863 0.9709073 0.6900788 0.9799311 0.7124863 0.9709073 0.7124863 0.9642155 0.7057945 0.9642155 0.7057945 0.9642155 0.6967706 0.9799311 0.7124863 0.9642155 0.6967706 0.9709073 0.6900788 0.9799311 0.7124863 0.9799302 0.7448623 0.9709064 0.7369937 0.9799302 0.7369937 0.9953504 0.7156494 0.9874817 0.7246732 0.9874817 0.7156493 0.9874807 0.7481318 0.9953492 0.739108 0.9953492 0.7481318 0.9986105 0.7012168 0.9907419 0.7079086 0.9907419 0.7012168 0.9953492 0.7481318 0.9874807 0.7548236 0.9874807 0.7481318 0.9799302 0.7369937 0.986622 0.7448623 0.9799302 0.7448623 0.9642145 0.7369937 0.9709063 0.7448623 0.9642145 0.7448623 0.9986105 0.692193 0.9907419 0.7012168 0.9907419 0.692193 0.9709073 0.6900788 0.9799311 0.6900788 0.9866229 0.6967707 0.9866229 0.6967707 0.9866229 0.7057945 0.9709073 0.6900788 0.9866229 0.7057945 0.9799311 0.7124863 0.9709073 0.6900788 0.9799311 0.7124863 0.9709073 0.7124863 0.9642155 0.7057945 0.9642155 0.7057945 0.9642155 0.6967706 0.9799311 0.7124863 0.9642155 0.6967706 0.9709073 0.6900788 0.9799311 0.7124863 0.9799302 0.7448623 0.9709064 0.7369937 0.9799302 0.7369937 0.9953504 0.7156494 0.9874817 0.7246732 0.9874817 0.7156493 0.9874807 0.7481318 0.9953492 0.739108 0.9953492 0.7481318 0.9986105 0.7012168 0.9907419 0.7079086 0.9907419 0.7012168 0.9953492 0.7481318 0.9874807 0.7548236 0.9874807 0.7481318 0.9799302 0.7369937 0.986622 0.7448623 0.9799302 0.7448623 0.9642145 0.7369937 0.9709063 0.7448623 0.9642145 0.7448623 0.9986105 0.692193 0.9907419 0.7012168 0.9907419 0.692193 0.9709073 0.6900788 0.9799311 0.6900788 0.9866229 0.6967707 0.9866229 0.6967707 0.9866229 0.7057945 0.9709073 0.6900788 0.9866229 0.7057945 0.9799311 0.7124863 0.9709073 0.6900788 0.9799311 0.7124863 0.9709073 0.7124863 0.9642155 0.7057945 0.9642155 0.7057945 0.9642155 0.6967706 0.9799311 0.7124863 0.9642155 0.6967706 0.9709073 0.6900788 0.9799311 0.7124863 0.9799302 0.7448623 0.9709064 0.7369937 0.9799302 0.7369937 0.9953504 0.7156494 0.9874817 0.7246732 0.9874817 0.7156493 0.9874807 0.7481318 0.9953492 0.739108 0.9953492 0.7481318 0.9986105 0.7012168 0.9907419 0.7079086 0.9907419 0.7012168 0.9953492 0.7481318 0.9874807 0.7548236 0.9874807 0.7481318 0.9799302 0.7369937 0.986622 0.7448623 0.9799302 0.7448623 0.9642145 0.7369937 0.9709063 0.7448623 0.9642145 0.7448623 0.9986105 0.692193 0.9907419 0.7012168 0.9907419 0.692193 0.9709073 0.6900788 0.9799311 0.6900788 0.9866229 0.6967707 0.9866229 0.6967707 0.9866229 0.7057945 0.9709073 0.6900788 0.9866229 0.7057945 0.9799311 0.7124863 0.9709073 0.6900788 0.9799311 0.7124863 0.9709073 0.7124863 0.9642155 0.7057945 0.9642155 0.7057945 0.9642155 0.6967706 0.9799311 0.7124863 0.9642155 0.6967706 0.9709073 0.6900788 0.9799311 0.7124863 0.9799302 0.7448623 0.9709064 0.7369937 0.9799302 0.7369937 0.9953504 0.7156494 0.9874817 0.7246732 0.9874817 0.7156493 0.9874807 0.7481318 0.9953492 0.739108 0.9953492 0.7481318 0.9986105 0.7012168 0.9907419 0.7079086 0.9907419 0.7012168 0.9953492 0.7481318 0.9874807 0.7548236 0.9874807 0.7481318 0.9799302 0.7369937 0.986622 0.7448623 0.9799302 0.7448623 0.9642145 0.7369937 0.9709063 0.7448623 0.9642145 0.7448623 0.9986105 0.692193 0.9907419 0.7012168 0.9907419 0.692193 0.9709073 0.6900788 0.9799311 0.6900788 0.9866229 0.6967707 0.9866229 0.6967707 0.9866229 0.7057945 0.9709073 0.6900788 0.9866229 0.7057945 0.9799311 0.7124863 0.9709073 0.6900788 0.9799311 0.7124863 0.9709073 0.7124863 0.9642155 0.7057945 0.9642155 0.7057945 0.9642155 0.6967706 0.9799311 0.7124863 0.9786244 0.619186 0.9957481 0.6010616 1.00056 0.619186 0.9767012 0.6119412 0.9825805 0.5877102 0.9957481 0.6010616 0.9714378 0.6066043 0.9645246 0.5826476 0.9825805 0.5877102 0.9645246 0.6557242 0.9714378 0.6317676 0.9825805 0.6506617 0.9771966 0.757458 0.970705 0.7612056 0.964214 0.7499619 0.9825805 0.6506617 0.9767012 0.6264306 0.9957481 0.6373103 0.9767012 0.6264306 1.00056 0.619186 0.9957481 0.6373103 0.970705 0.7612056 0.9642136 0.7574575 0.964214 0.7499619 0.964214 0.7499619 0.9707055 0.7462142 0.9771969 0.7499624 0.9771969 0.7499624 0.9771966 0.757458 0.964214 0.7499619 1.00056 0.619186 0.9767012 0.6119412 0.9957481 0.6010616 0.9767012 0.6119412 0.9825805 0.5877102 0.9957481 0.6010616 0.9825805 0.5877102 0.9642204 0.6045807 0.9645246 0.5826476 0.9642204 0.6337912 0.9825805 0.6506617 0.9645246 0.6557242 0.9771966 0.757458 0.970705 0.7612056 0.964214 0.7499619 0.9825805 0.6506617 0.9767012 0.6264306 0.9957481 0.6373103 0.9957481 0.6373103 0.9786244 0.619186 1.00056 0.619186 0.970705 0.7612056 0.9642136 0.7574575 0.964214 0.7499619 0.964214 0.7499619 0.9707055 0.7462142 0.9771969 0.7499624 0.9771969 0.7499624 0.9771966 0.757458 0.964214 0.7499619 1.00056 0.619186 0.9767012 0.6119412 0.9957481 0.6010616 0.9957481 0.6010616 0.9714378 0.6066043 0.9825805 0.5877102 0.9825805 0.5877102 0.9642204 0.6045807 0.9645246 0.5826476 0.9642204 0.6337912 0.9825805 0.6506617 0.9645246 0.6557242 0.9771966 0.757458 0.970705 0.7612056 0.964214 0.7499619 0.9825805 0.6506617 0.9767012 0.6264306 0.9957481 0.6373103 0.9957481 0.6373103 0.9786244 0.619186 1.00056 0.619186 0.970705 0.7612056 0.9642136 0.7574575 0.964214 0.7499619 0.964214 0.7499619 0.9707055 0.7462142 0.9771969 0.7499624 0.9771969 0.7499624 0.9771966 0.757458 0.964214 0.7499619 1.00056 0.619186 0.9767012 0.6119412 0.9957481 0.6010616 0.9767012 0.6119412 0.9825805 0.5877102 0.9957481 0.6010616 0.9825805 0.5877102 0.9642204 0.6045807 0.9645246 0.5826476 0.9642204 0.6337912 0.9825805 0.6506617 0.9645246 0.6557242 0.9771966 0.757458 0.970705 0.7612056 0.964214 0.7499619 0.9714378 0.6317676 0.9957481 0.6373103 0.9825805 0.6506617 0.9957481 0.6373103 0.9786244 0.619186 1.00056 0.619186 0.970705 0.7612056 0.9642136 0.7574575 0.964214 0.7499619 0.964214 0.7499619 0.9707055 0.7462142 0.9771969 0.7499624 0.9771969 0.7499624 0.9771966 0.757458 0.964214 0.7499619 1.00056 0.619186 0.9767012 0.6119412 0.9957481 0.6010616 0.9957481 0.6010616 0.9714378 0.6066043 0.9825805 0.5877102 0.9825805 0.5877102 0.9642204 0.6045807 0.9645246 0.5826476 0.9642204 0.6337912 0.9825805 0.6506617 0.9645246 0.6557242 0.9771966 0.757458 0.970705 0.7612056 0.964214 0.7499619 0.9714378 0.6317676 0.9957481 0.6373103 0.9825805 0.6506617 0.9767012 0.6264306 1.00056 0.619186 0.9957481 0.6373103 0.970705 0.7612056 0.9642136 0.7574575 0.964214 0.7499619 0.964214 0.7499619 0.9707055 0.7462142 0.9771969 0.7499624 0.9771969 0.7499624 0.9771966 0.757458 0.964214 0.7499619 0.9786244 0.619186 0.9957481 0.6010616 1.00056 0.619186 0.9767012 0.6119412 0.9825805 0.5877102 0.9957481 0.6010616 0.9714378 0.6066043 0.9645246 0.5826476 0.9825805 0.5877102 0.9642204 0.6337912 0.9825805 0.6506617 0.9645246 0.6557242 0.9771966 0.757458 0.970705 0.7612056 0.964214 0.7499619 0.9825805 0.6506617 0.9767012 0.6264306 0.9957481 0.6373103 0.9957481 0.6373103 0.9786244 0.619186 1.00056 0.619186 0.970705 0.7612056 0.9642136 0.7574575 0.964214 0.7499619 0.964214 0.7499619 0.9707055 0.7462142 0.9771969 0.7499624 0.9771969 0.7499624 0.9771966 0.757458 0.964214 0.7499619 1.00056 0.619186 0.9767012 0.6119412 0.9957481 0.6010616 0.9767012 0.6119412 0.9825805 0.5877102 0.9957481 0.6010616 0.9825805 0.5877102 0.9642204 0.6045807 0.9645246 0.5826476 0.9642204 0.6337912 0.9825805 0.6506617 0.9645246 0.6557242 0.9771966 0.757458 0.970705 0.7612056 0.964214 0.7499619 0.9825805 0.6506617 0.9767012 0.6264306 0.9957481 0.6373103 0.9957481 0.6373103 0.9786244 0.619186 1.00056 0.619186 0.970705 0.7612056 0.9642136 0.7574575 0.964214 0.7499619 0.964214 0.7499619 0.9707055 0.7462142 0.9771969 0.7499624 0.9771969 0.7499624 0.9771966 0.757458 0.964214 0.7499619 0.9786244 0.619186 0.9957481 0.6010616 1.00056 0.619186 0.9767012 0.6119412 0.9825805 0.5877102 0.9957481 0.6010616 0.9714378 0.6066043 0.9645246 0.5826476 0.9825805 0.5877102 0.9645246 0.6557242 0.9714378 0.6317676 0.9825805 0.6506617 0.9771966 0.757458 0.970705 0.7612056 0.964214 0.7499619 0.9714378 0.6317676 0.9957481 0.6373103 0.9825805 0.6506617 0.9957481 0.6373103 0.9786244 0.619186 1.00056 0.619186 0.970705 0.7612056 0.9642136 0.7574575 0.964214 0.7499619 0.964214 0.7499619 0.9707055 0.7462142 0.9771969 0.7499624 0.9771969 0.7499624 0.9771966 0.757458 0.964214 0.7499619 0.9786244 0.619186 0.9957481 0.6010616 1.00056 0.619186 0.9767012 0.6119412 0.9825805 0.5877102 0.9957481 0.6010616 0.9825805 0.5877102 0.9642204 0.6045807 0.9645246 0.5826476 0.9642204 0.6337912 0.9825805 0.6506617 0.9645246 0.6557242 0.9771966 0.757458 0.970705 0.7612056 0.964214 0.7499619 0.9714378 0.6317676 0.9957481 0.6373103 0.9825805 0.6506617 0.9957481 0.6373103 0.9786244 0.619186 1.00056 0.619186 0.970705 0.7612056 0.9642136 0.7574575 0.964214 0.7499619 0.964214 0.7499619 0.9707055 0.7462142 0.9771969 0.7499624 0.9771969 0.7499624 0.9771966 0.757458 0.964214 0.7499619 0.9642155 0.6967706 0.9709073 0.6900788 0.9799311 0.7124863 0.9799302 0.7448623 0.9709064 0.7369937 0.9799302 0.7369937 0.9953504 0.7156494 0.9874817 0.7246732 0.9874817 0.7156493 0.9874807 0.7481318 0.9953492 0.739108 0.9953492 0.7481318 0.9986105 0.7012168 0.9907419 0.7079086 0.9907419 0.7012168 0.9953492 0.7481318 0.9874807 0.7548236 0.9874807 0.7481318 0.9799302 0.7369937 0.986622 0.7448623 0.9799302 0.7448623 0.9642145 0.7369937 0.9709063 0.7448623 0.9642145 0.7448623 0.9986105 0.692193 0.9907419 0.7012168 0.9907419 0.692193 0.9709073 0.6900788 0.9799311 0.6900788 0.9866229 0.6967707 0.9866229 0.6967707 0.9866229 0.7057945 0.9709073 0.6900788 0.9866229 0.7057945 0.9799311 0.7124863 0.9709073 0.6900788 0.9799311 0.7124863 0.9709073 0.7124863 0.9642155 0.7057945 0.9642155 0.7057945 0.9642155 0.6967706 0.9799311 0.7124863 0.9786244 0.619186 0.9957481 0.6010616 1.00056 0.619186 0.9957481 0.6010616 0.9714378 0.6066043 0.9825805 0.5877102 0.9714378 0.6066043 0.9645246 0.5826476 0.9825805 0.5877102 0.9642204 0.6337912 0.9825805 0.6506617 0.9645246 0.6557242 0.9771966 0.757458 0.970705 0.7612056 0.964214 0.7499619 0.9825805 0.6506617 0.9767012 0.6264306 0.9957481 0.6373103 0.9957481 0.6373103 0.9786244 0.619186 1.00056 0.619186 0.970705 0.7612056 0.9642136 0.7574575 0.964214 0.7499619 0.964214 0.7499619 0.9707055 0.7462142 0.9771969 0.7499624 0.9771969 0.7499624 0.9771966 0.757458 0.964214 0.7499619 0.9642155 0.6967706 0.9709073 0.6900788 0.9799311 0.7124863 0.9799302 0.7448623 0.9709064 0.7369937 0.9799302 0.7369937 0.9953504 0.7156494 0.9874817 0.7246732 0.9874817 0.7156493 0.9874807 0.7481318 0.9953492 0.739108 0.9953492 0.7481318 0.9986105 0.7012168 0.9907419 0.7079086 0.9907419 0.7012168 0.9953492 0.7481318 0.9874807 0.7548236 0.9874807 0.7481318 0.9799302 0.7369937 0.986622 0.7448623 0.9799302 0.7448623 0.9642145 0.7369937 0.9709063 0.7448623 0.9642145 0.7448623 0.9986105 0.692193 0.9907419 0.7012168 0.9907419 0.692193 0.9709073 0.6900788 0.9799311 0.6900788 0.9866229 0.6967707 0.9866229 0.6967707 0.9866229 0.7057945 0.9709073 0.6900788 0.9866229 0.7057945 0.9799311 0.7124863 0.9709073 0.6900788 0.9799311 0.7124863 0.9709073 0.7124863 0.9642155 0.7057945 0.9642155 0.7057945 0.9642155 0.6967706 0.9799311 0.7124863 0.9642155 0.6967706 0.9709073 0.6900788 0.9799311 0.7124863 0.9799302 0.7448623 0.9709064 0.7369937 0.9799302 0.7369937 0.9953504 0.7156494 0.9874817 0.7246732 0.9874817 0.7156493 0.9874807 0.7481318 0.9953492 0.739108 0.9953492 0.7481318 0.9986105 0.7012168 0.9907419 0.7079086 0.9907419 0.7012168 0.9953492 0.7481318 0.9874807 0.7548236 0.9874807 0.7481318 0.9799302 0.7369937 0.986622 0.7448623 0.9799302 0.7448623 0.9642145 0.7369937 0.9709063 0.7448623 0.9642145 0.7448623 0.9986105 0.692193 0.9907419 0.7012168 0.9907419 0.692193 0.9709073 0.6900788 0.9799311 0.6900788 0.9866229 0.6967707 0.9866229 0.6967707 0.9866229 0.7057945 0.9709073 0.6900788 0.9866229 0.7057945 0.9799311 0.7124863 0.9709073 0.6900788 0.9799311 0.7124863 0.9709073 0.7124863 0.9642155 0.7057945 0.9642155 0.7057945 0.9642155 0.6967706 0.9799311 0.7124863 0.9642155 0.6967706 0.9709073 0.6900788 0.9799311 0.7124863 0.9799302 0.7448623 0.9709064 0.7369937 0.9799302 0.7369937 0.9953504 0.7156494 0.9874817 0.7246732 0.9874817 0.7156493 0.9874807 0.7481318 0.9953492 0.739108 0.9953492 0.7481318 0.9986105 0.7012168 0.9907419 0.7079086 0.9907419 0.7012168 0.9953492 0.7481318 0.9874807 0.7548236 0.9874807 0.7481318 0.9799302 0.7369937 0.986622 0.7448623 0.9799302 0.7448623 0.9642145 0.7369937 0.9709063 0.7448623 0.9642145 0.7448623 0.9986105 0.692193 0.9907419 0.7012168 0.9907419 0.692193 0.9709073 0.6900788 0.9799311 0.6900788 0.9866229 0.6967707 0.9866229 0.6967707 0.9866229 0.7057945 0.9709073 0.6900788 0.9866229 0.7057945 0.9799311 0.7124863 0.9709073 0.6900788 0.9799311 0.7124863 0.9709073 0.7124863 0.9642155 0.7057945 0.9642155 0.7057945 0.9642155 0.6967706 0.9799311 0.7124863 0.9642155 0.6967706 0.9709073 0.6900788 0.9799311 0.7124863 0.9799302 0.7448623 0.9709064 0.7369937 0.9799302 0.7369937 0.9953504 0.7156494 0.9874817 0.7246732 0.9874817 0.7156493 0.9874807 0.7481318 0.9953492 0.739108 0.9953492 0.7481318 0.9986105 0.7012168 0.9907419 0.7079086 0.9907419 0.7012168 0.9953492 0.7481318 0.9874807 0.7548236 0.9874807 0.7481318 0.9799302 0.7369937 0.986622 0.7448623 0.9799302 0.7448623 0.9642145 0.7369937 0.9709063 0.7448623 0.9642145 0.7448623 0.9986105 0.692193 0.9907419 0.7012168 0.9907419 0.692193 0.9709073 0.6900788 0.9799311 0.6900788 0.9866229 0.6967707 0.9866229 0.6967707 0.9866229 0.7057945 0.9709073 0.6900788 0.9866229 0.7057945 0.9799311 0.7124863 0.9709073 0.6900788 0.9799311 0.7124863 0.9709073 0.7124863 0.9642155 0.7057945 0.9642155 0.7057945 0.9642155 0.6967706 0.9799311 0.7124863 0.9642155 0.6967706 0.9709073 0.6900788 0.9799311 0.7124863 0.9799302 0.7448623 0.9709064 0.7369937 0.9799302 0.7369937 0.9953504 0.7156494 0.9874817 0.7246732 0.9874817 0.7156493 0.9874807 0.7481318 0.9953492 0.739108 0.9953492 0.7481318 0.9986105 0.7012168 0.9907419 0.7079086 0.9907419 0.7012168 0.9953492 0.7481318 0.9874807 0.7548236 0.9874807 0.7481318 0.9799302 0.7369937 0.986622 0.7448623 0.9799302 0.7448623 0.9642145 0.7369937 0.9709063 0.7448623 0.9642145 0.7448623 0.9986105 0.692193 0.9907419 0.7012168 0.9907419 0.692193 0.9709073 0.6900788 0.9799311 0.6900788 0.9866229 0.6967707 0.9866229 0.6967707 0.9866229 0.7057945 0.9709073 0.6900788 0.9866229 0.7057945 0.9799311 0.7124863 0.9709073 0.6900788 0.9799311 0.7124863 0.9709073 0.7124863 0.9642155 0.7057945 0.9642155 0.7057945 0.9642155 0.6967706 0.9799311 0.7124863 0.9642155 0.6967706 0.9709073 0.6900788 0.9799311 0.7124863 0.9799302 0.7448623 0.9709064 0.7369937 0.9799302 0.7369937 0.9953504 0.7156494 0.9874817 0.7246732 0.9874817 0.7156493 0.9874807 0.7481318 0.9953492 0.739108 0.9953492 0.7481318 0.9986105 0.7012168 0.9907419 0.7079086 0.9907419 0.7012168 0.9953492 0.7481318 0.9874807 0.7548236 0.9874807 0.7481318 0.9799302 0.7369937 0.986622 0.7448623 0.9799302 0.7448623 0.9642145 0.7369937 0.9709063 0.7448623 0.9642145 0.7448623 0.9986105 0.692193 0.9907419 0.7012168 0.9907419 0.692193 0.9709073 0.6900788 0.9799311 0.6900788 0.9866229 0.6967707 0.9866229 0.6967707 0.9866229 0.7057945 0.9709073 0.6900788 0.9866229 0.7057945 0.9799311 0.7124863 0.9709073 0.6900788 0.9799311 0.7124863 0.9709073 0.7124863 0.9642155 0.7057945 0.9642155 0.7057945 0.9642155 0.6967706 0.9799311 0.7124863 0.9642155 0.6967706 0.9709073 0.6900788 0.9799311 0.7124863 0.9799302 0.7448623 0.9709064 0.7369937 0.9799302 0.7369937 0.9953504 0.7156494 0.9874817 0.7246732 0.9874817 0.7156493 0.9874807 0.7481318 0.9953492 0.739108 0.9953492 0.7481318 0.9986105 0.7012168 0.9907419 0.7079086 0.9907419 0.7012168 0.9953492 0.7481318 0.9874807 0.7548236 0.9874807 0.7481318 0.9799302 0.7369937 0.986622 0.7448623 0.9799302 0.7448623 0.9642145 0.7369937 0.9709063 0.7448623 0.9642145 0.7448623 0.9986105 0.692193 0.9907419 0.7012168 0.9907419 0.692193 0.9709073 0.6900788 0.9799311 0.6900788 0.9866229 0.6967707 0.9866229 0.6967707 0.9866229 0.7057945 0.9709073 0.6900788 0.9866229 0.7057945 0.9799311 0.7124863 0.9709073 0.6900788 0.9799311 0.7124863 0.9709073 0.7124863 0.9642155 0.7057945 0.9642155 0.7057945 0.9642155 0.6967706 0.9799311 0.7124863 0.9642155 0.6967706 0.9709073 0.6900788 0.9799311 0.7124863 0.9799302 0.7448623 0.9709064 0.7369937 0.9799302 0.7369937 0.9953504 0.7156494 0.9874817 0.7246732 0.9874817 0.7156493 0.9874807 0.7481318 0.9953492 0.739108 0.9953492 0.7481318 0.9986105 0.7012168 0.9907419 0.7079086 0.9907419 0.7012168 0.9953492 0.7481318 0.9874807 0.7548236 0.9874807 0.7481318 0.9799302 0.7369937 0.986622 0.7448623 0.9799302 0.7448623 0.9642145 0.7369937 0.9709063 0.7448623 0.9642145 0.7448623 0.9986105 0.692193 0.9907419 0.7012168 0.9907419 0.692193 0.9709073 0.6900788 0.9799311 0.6900788 0.9866229 0.6967707 0.9866229 0.6967707 0.9866229 0.7057945 0.9709073 0.6900788 0.9866229 0.7057945 0.9799311 0.7124863 0.9709073 0.6900788 0.9799311 0.7124863 0.9709073 0.7124863 0.9642155 0.7057945 0.9642155 0.7057945 0.9642155 0.6967706 0.9799311 0.7124863 0.9642155 0.6967706 0.9709073 0.6900788 0.9799311 0.7124863 0.9799302 0.7448623 0.9709064 0.7369937 0.9799302 0.7369937 0.9953504 0.7156494 0.9874817 0.7246732 0.9874817 0.7156493 0.9874807 0.7481318 0.9953492 0.739108 0.9953492 0.7481318 0.9986105 0.7012168 0.9907419 0.7079086 0.9907419 0.7012168 0.9953492 0.7481318 0.9874807 0.7548236 0.9874807 0.7481318 0.9799302 0.7369937 0.986622 0.7448623 0.9799302 0.7448623 0.9642145 0.7369937 0.9709063 0.7448623 0.9642145 0.7448623 0.9986105 0.692193 0.9907419 0.7012168 0.9907419 0.692193 0.9709073 0.6900788 0.9799311 0.6900788 0.9866229 0.6967707 0.9866229 0.6967707 0.9866229 0.7057945 0.9709073 0.6900788 0.9866229 0.7057945 0.9799311 0.7124863 0.9709073 0.6900788 0.9799311 0.7124863 0.9709073 0.7124863 0.9642155 0.7057945 0.9642155 0.7057945 0.9642155 0.6967706 0.9799311 0.7124863 0.9786244 0.619186 0.9957481 0.6010616 1.00056 0.619186 0.9767012 0.6119412 0.9825805 0.5877102 0.9957481 0.6010616 0.9714378 0.6066043 0.9645246 0.5826476 0.9825805 0.5877102 0.9642204 0.6337912 0.9825805 0.6506617 0.9645246 0.6557242 0.9771966 0.757458 0.970705 0.7612056 0.964214 0.7499619 0.9825805 0.6506617 0.9767012 0.6264306 0.9957481 0.6373103 0.9767012 0.6264306 1.00056 0.619186 0.9957481 0.6373103 0.970705 0.7612056 0.9642136 0.7574575 0.964214 0.7499619 0.964214 0.7499619 0.9707055 0.7462142 0.9771969 0.7499624 0.9771969 0.7499624 0.9771966 0.757458 0.964214 0.7499619 0.9786244 0.619186 0.9957481 0.6010616 1.00056 0.619186 0.9957481 0.6010616 0.9714378 0.6066043 0.9825805 0.5877102 0.9714378 0.6066043 0.9645246 0.5826476 0.9825805 0.5877102 0.9642204 0.6337912 0.9825805 0.6506617 0.9645246 0.6557242 0.9771966 0.757458 0.970705 0.7612056 0.964214 0.7499619 0.9825805 0.6506617 0.9767012 0.6264306 0.9957481 0.6373103 0.9957481 0.6373103 0.9786244 0.619186 1.00056 0.619186 0.970705 0.7612056 0.9642136 0.7574575 0.964214 0.7499619 0.964214 0.7499619 0.9707055 0.7462142 0.9771969 0.7499624 0.9771969 0.7499624 0.9771966 0.757458 0.964214 0.7499619 1.00056 0.619186 0.9767012 0.6119412 0.9957481 0.6010616 0.9767012 0.6119412 0.9825805 0.5877102 0.9957481 0.6010616 0.9825805 0.5877102 0.9642204 0.6045807 0.9645246 0.5826476 0.9645246 0.6557242 0.9714378 0.6317676 0.9825805 0.6506617 0.9771966 0.757458 0.970705 0.7612056 0.964214 0.7499619 0.9825805 0.6506617 0.9767012 0.6264306 0.9957481 0.6373103 0.9767012 0.6264306 1.00056 0.619186 0.9957481 0.6373103 0.970705 0.7612056 0.9642136 0.7574575 0.964214 0.7499619 0.964214 0.7499619 0.9707055 0.7462142 0.9771969 0.7499624 0.9771969 0.7499624 0.9771966 0.757458 0.964214 0.7499619 0.9786244 0.619186 0.9957481 0.6010616 1.00056 0.619186 0.9957481 0.6010616 0.9714378 0.6066043 0.9825805 0.5877102 0.9714378 0.6066043 0.9645246 0.5826476 0.9825805 0.5877102 0.9642204 0.6337912 0.9825805 0.6506617 0.9645246 0.6557242 0.9771966 0.757458 0.970705 0.7612056 0.964214 0.7499619 0.9714378 0.6317676 0.9957481 0.6373103 0.9825805 0.6506617 0.9767012 0.6264306 1.00056 0.619186 0.9957481 0.6373103 0.970705 0.7612056 0.9642136 0.7574575 0.964214 0.7499619 0.964214 0.7499619 0.9707055 0.7462142 0.9771969 0.7499624 0.9771969 0.7499624 0.9771966 0.757458 0.964214 0.7499619 1.00056 0.619186 0.9767012 0.6119412 0.9957481 0.6010616 0.9767012 0.6119412 0.9825805 0.5877102 0.9957481 0.6010616 0.9714378 0.6066043 0.9645246 0.5826476 0.9825805 0.5877102 0.9642204 0.6337912 0.9825805 0.6506617 0.9645246 0.6557242 0.9771966 0.757458 0.970705 0.7612056 0.964214 0.7499619 0.9714378 0.6317676 0.9957481 0.6373103 0.9825805 0.6506617 0.9957481 0.6373103 0.9786244 0.619186 1.00056 0.619186 0.970705 0.7612056 0.9642136 0.7574575 0.964214 0.7499619 0.964214 0.7499619 0.9707055 0.7462142 0.9771969 0.7499624 0.9771969 0.7499624 0.9771966 0.757458 0.964214 0.7499619 0.9786244 0.619186 0.9957481 0.6010616 1.00056 0.619186 0.9767012 0.6119412 0.9825805 0.5877102 0.9957481 0.6010616 0.9825805 0.5877102 0.9642204 0.6045807 0.9645246 0.5826476 0.9645246 0.6557242 0.9714378 0.6317676 0.9825805 0.6506617 0.9771966 0.757458 0.970705 0.7612056 0.964214 0.7499619 0.9825805 0.6506617 0.9767012 0.6264306 0.9957481 0.6373103 0.9767012 0.6264306 1.00056 0.619186 0.9957481 0.6373103 0.970705 0.7612056 0.9642136 0.7574575 0.964214 0.7499619 0.964214 0.7499619 0.9707055 0.7462142 0.9771969 0.7499624 0.9771969 0.7499624 0.9771966 0.757458 0.964214 0.7499619 1.00056 0.619186 0.9767012 0.6119412 0.9957481 0.6010616 0.9767012 0.6119412 0.9825805 0.5877102 0.9957481 0.6010616 0.9825805 0.5877102 0.9642204 0.6045807 0.9645246 0.5826476 0.9642204 0.6337912 0.9825805 0.6506617 0.9645246 0.6557242 0.9771966 0.757458 0.970705 0.7612056 0.964214 0.7499619 0.9825805 0.6506617 0.9767012 0.6264306 0.9957481 0.6373103 0.9767012 0.6264306 1.00056 0.619186 0.9957481 0.6373103 0.970705 0.7612056 0.9642136 0.7574575 0.964214 0.7499619 0.964214 0.7499619 0.9707055 0.7462142 0.9771969 0.7499624 0.9771969 0.7499624 0.9771966 0.757458 0.964214 0.7499619 1.00056 0.619186 0.9767012 0.6119412 0.9957481 0.6010616 0.9767012 0.6119412 0.9825805 0.5877102 0.9957481 0.6010616 0.9825805 0.5877102 0.9642204 0.6045807 0.9645246 0.5826476 0.9645246 0.6557242 0.9714378 0.6317676 0.9825805 0.6506617 0.9771966 0.757458 0.970705 0.7612056 0.964214 0.7499619 0.9714378 0.6317676 0.9957481 0.6373103 0.9825805 0.6506617 0.9957481 0.6373103 0.9786244 0.619186 1.00056 0.619186 0.970705 0.7612056 0.9642136 0.7574575 0.964214 0.7499619 0.964214 0.7499619 0.9707055 0.7462142 0.9771969 0.7499624 0.9771969 0.7499624 0.9771966 0.757458 0.964214 0.7499619 0.9728744 0.4505388 0.956619 0.456499 0.956619 0.4326298 0.8692304 0.8537981 0.002278864 0.853798 0.002278864 0.8478378 0.002278804 0.910178 0.002278864 0.8939226 0.8692304 0.8939226 0.8692304 0.9389239 0.002278804 0.9389238 0.002278804 0.9335054 0.8692304 0.9161383 0.8692304 0.9215568 0.002278804 0.9215568 0.002278864 0.8700534 0.002278864 0.853798 0.8692304 0.8537981 0.8692304 0.910178 0.8692304 0.9161383 0.002278804 0.9161382 0.002278804 0.9335054 0.002278804 0.9215568 0.8692304 0.9215568 0.9728744 0.4505388 0.9728744 0.43859 0.9782928 0.43859 0.9782958 0.4385961 0.9782958 0.4505447 0.9728773 0.4505447 0.002278864 0.8939226 0.002278864 0.8700534 0.8692304 0.8700535 0.9728773 0.4385961 0.9728773 0.4505447 0.956622 0.456505 0.9728744 0.4505388 0.9728744 0.43859 0.956619 0.4326298 0.002278923 0.8478378 0.002278923 0.853798 0.8692304 0.8537981 0.8692304 0.8939226 0.002278804 0.8939226 0.002278804 0.910178 0.002278804 0.9335054 0.002278804 0.9389238 0.8692304 0.9389239 0.002278804 0.9215568 0.8692304 0.9215568 0.8692304 0.9161383 0.8692304 0.8537981 0.002278923 0.853798 0.002278923 0.8700534 0.002278804 0.9161382 0.8692304 0.9161383 0.8692304 0.910178 0.8692304 0.9215568 0.002278804 0.9215568 0.002278804 0.9335054 0.9782928 0.43859 0.9728744 0.43859 0.9728744 0.4505388 0.9728773 0.4505447 0.9782958 0.4505447 0.9782958 0.4385961 0.8692304 0.8700535 0.002278923 0.8700534 0.002278804 0.8939226 0.956622 0.456505 0.9728773 0.4505447 0.9728773 0.4385961 0.9728744 0.4505388 0.9728744 0.43859 0.956619 0.4326298 0.002278923 0.8478378 0.002278923 0.853798 0.8692304 0.8537981 0.8692304 0.8939226 0.002278804 0.8939226 0.002278804 0.910178 0.002278804 0.9335054 0.002278804 0.9389238 0.8692304 0.9389239 0.002278804 0.9215568 0.8692304 0.9215568 0.8692304 0.9161383 0.8692304 0.8537981 0.002278923 0.853798 0.002278923 0.8700534 0.002278804 0.9161382 0.8692304 0.9161383 0.8692304 0.910178 0.8692304 0.9215568 0.002278804 0.9215568 0.002278804 0.9335054 0.9782928 0.43859 0.9728744 0.43859 0.9728744 0.4505388 0.9728773 0.4505447 0.9782958 0.4505447 0.9782958 0.4385961 0.8692304 0.8700535 0.002278923 0.8700534 0.002278804 0.8939226 0.956622 0.456505 0.9728773 0.4505447 0.9728773 0.4385961 0.9728744 0.4505388 0.956619 0.456499 0.956619 0.4326298 0.8692304 0.8537981 0.002278923 0.853798 0.002278923 0.8478378 0.002278804 0.910178 0.002278804 0.8939226 0.8692304 0.8939226 0.8692304 0.9389239 0.002278804 0.9389238 0.002278804 0.9335054 0.8692304 0.9161383 0.8692304 0.9215568 0.002278804 0.9215568 0.002278923 0.8700534 0.002278923 0.853798 0.8692304 0.8537981 0.8692304 0.910178 0.8692304 0.9161383 0.002278804 0.9161382 0.002278804 0.9335054 0.002278804 0.9215568 0.8692304 0.9215568 0.9728744 0.4505388 0.9728744 0.43859 0.9782928 0.43859 0.9782958 0.4385961 0.9782958 0.4505447 0.9728773 0.4505447 0.002278804 0.8939226 0.002278923 0.8700534 0.8692304 0.8700535 0.9728773 0.4385961 0.9728773 0.4505447 0.956622 0.456505 0.01310735 0.01310372 0.01310729 0.8301379 0.002270638 0.8301379 0.01310729 0.8301379 0.4292383 0.8301379 0.4292383 0.8409746 0.4292383 0.8301379 0.4292383 0.01310366 0.440075 0.01310366 0.4292383 0.01310366 0.01310735 0.01310372 0.01310735 0.002266943 0.4446198 0.8193029 0.4446198 0.002268612 0.8607508 0.002268671 0.01310729 0.8301379 0.01310735 0.01310372 0.4292383 0.01310366 0.01310527 0.01310372 0.01310527 0.8301378 0.002268552 0.8301378 0.01310527 0.8301378 0.4292362 0.8301379 0.4292362 0.8409746 0.4292362 0.8301379 0.4292362 0.01310366 0.440073 0.01310366 0.4292362 0.01310366 0.01310527 0.01310372 0.01310527 0.002266943 0.4446149 0.8193029 0.444615 0.002268612 0.8607459 0.002268671 0.4292362 0.8301379 0.01310527 0.8301378 0.01310527 0.01310372 0.002266407 0.8301378 0.01310312 0.8301378 0.01310312 0.01310372 0.4292339 0.8409746 0.4292339 0.8301379 0.01310312 0.8301378 0.4400708 0.01310366 0.429234 0.01310366 0.4292339 0.8301379 0.01310312 0.002266943 0.01310312 0.01310372 0.429234 0.01310366 0.8607563 0.002268671 0.4446254 0.002268612 0.4446253 0.8193029 0.429234 0.01310366 0.01310312 0.01310372 0.01310312 0.8301378 0.01304948 0.9859358 0.01304948 0.9761457 0.4265452 0.9761457 0.01304948 0.9761457 0.01304948 0.9653767 0.4265452 0.9653767 0.4265452 0.9653767 0.01304948 0.9653767 0.01304948 0.9555868 0.01304948 0.9555868 0.01304948 0.9448178 0.4265452 0.9448178 0.4373142 0.9653767 0.4265452 0.9653767 0.4265452 0.9555867 0.002280354 0.9653767 0.002280354 0.9555867 0.01304948 0.9555868 0.9771711 0.0130465 0.9771711 0.4265425 0.9673811 0.4265425 0.956612 0.4265425 0.9566122 0.01304656 0.9673813 0.01304656 0.9771711 0.0130465 0.9879402 0.01304656 0.9879401 0.4265425 0.9879401 0.4265425 0.9879402 0.01304656 0.9977303 0.01304656 0.9977301 0.4373115 0.9879401 0.4373115 0.9879401 0.4265425 0.9977303 0.002277433 0.9977303 0.01304656 0.9879402 0.01304656 0.4526236 0.9653756 0.9230203 0.9653756 0.9230202 0.9751651 0.9230203 0.9546069 0.9230203 0.9653756 0.4526236 0.9653756 0.4526237 0.9546069 0.4526237 0.9448173 0.9230203 0.9448173 0.4526237 0.9751651 0.9230202 0.9751651 0.9230202 0.9859337 0.4526236 0.9653756 0.4526237 0.9751651 0.4418549 0.9751651 0.9337888 0.9751652 0.9230202 0.9751651 0.9230203 0.9653756 0.9422841 0.0130403 0.9520738 0.0130403 0.9520738 0.483437 0.9315156 0.01304036 0.9422841 0.0130403 0.9422841 0.483437 0.9109573 0.483437 0.9109574 0.0130403 0.9217261 0.01304036 0.9217258 0.483437 0.9217261 0.01304036 0.9315156 0.01304036 0.9315155 0.4942056 0.9217258 0.4942056 0.9217258 0.483437 0.9217261 0.01304036 0.9217259 0.002271831 0.9315156 0.002271831 0.8750858 0.4834439 0.8652962 0.4834439 0.8652961 0.01304721 0.8858544 0.01304721 0.8858544 0.4834439 0.8750858 0.4834439 0.9064126 0.4834439 0.895644 0.4834439 0.8956438 0.01304721 0.8956438 0.01304721 0.895644 0.4834439 0.8858544 0.4834439 0.8858544 0.4942125 0.8858544 0.4834439 0.895644 0.4834439 0.8858543 0.002278685 0.895644 0.002278566 0.8956438 0.01304721 0.4265452 0.9761457 0.01304948 0.9761457 0.01304948 0.9859358 0.4265452 0.9653767 0.01304948 0.9653767 0.01304948 0.9761457 0.01304948 0.9555868 0.01304948 0.9653767 0.4265452 0.9653767 0.4265452 0.9448178 0.01304948 0.9448178 0.01304948 0.9555868 0.4373143 0.9555867 0.4265452 0.9555867 0.4265452 0.9653767 0.01304948 0.9653767 0.01304948 0.9555868 0.002280354 0.9555867 0.9673811 0.4265425 0.9771711 0.4265425 0.9771712 0.0130465 0.9673812 0.01304656 0.9566121 0.01304656 0.956612 0.4265425 0.9879401 0.4265425 0.9879402 0.01304656 0.9771712 0.0130465 0.9977303 0.01304656 0.9879402 0.01304656 0.9879401 0.4265425 0.99773 0.4265425 0.9879401 0.4265425 0.9879401 0.4373115 0.9879402 0.002277433 0.9879402 0.01304656 0.9977303 0.01304656 0.9230201 0.9751651 0.9230203 0.9653756 0.4526236 0.9653756 0.4526236 0.9653756 0.9230203 0.9653756 0.9230203 0.9546069 0.9230203 0.9448173 0.4526236 0.9448173 0.4526236 0.9546069 0.4526236 0.9751651 0.4526236 0.9859336 0.9230201 0.9859337 0.441855 0.9751651 0.4526236 0.9751651 0.4526236 0.9653756 0.9230203 0.9653756 0.9230201 0.9751651 0.9337888 0.9751652 0.9520738 0.483437 0.9520738 0.0130403 0.9422841 0.0130403 0.9422841 0.483437 0.9422841 0.0130403 0.9315156 0.01304036 0.921726 0.01304036 0.9109573 0.0130403 0.9109573 0.483437 0.9315156 0.01304036 0.921726 0.01304036 0.9217258 0.483437 0.9315155 0.483437 0.9217258 0.483437 0.9217258 0.4942056 0.9315156 0.01304036 0.9315156 0.002271831 0.921726 0.002271831 0.8652961 0.01304721 0.8652961 0.4834439 0.8750858 0.4834439 0.8750858 0.4834439 0.8858544 0.4834439 0.8858544 0.01304721 0.8956438 0.01304721 0.895644 0.4834439 0.9064126 0.4834439 0.8858544 0.4834439 0.895644 0.4834439 0.8956438 0.01304721 0.895644 0.4942125 0.895644 0.4834439 0.8858544 0.4834439 0.8858544 0.01304721 0.8956438 0.01304721 0.895644 0.002278566 0.9437589 0.9437792 0.939424 0.9705229 0.9394242 0.9170356 0.895438 0.4993104 0.9084421 0.4993104 0.9084421 0.9078307 0.9524281 0.9177709 0.940856 0.9156034 0.9621813 0.9156035 0.8867685 0.9078307 0.8867685 0.4993104 0.895438 0.4993104 0.9610976 0.9177709 0.9621813 0.9156035 0.9621813 0.9437792 0.9524281 0.9177709 0.9524281 0.9307751 0.9437589 0.9307751 0.8737642 0.4993104 0.8867685 0.4993104 0.8867685 0.9078307 0.940856 0.9156034 0.940856 0.9145199 0.9610976 0.9145198 0.939424 0.9705229 0.9383403 0.9705229 0.9383403 0.9170356 0.9408562 0.9719551 0.9621813 0.9719551 0.9610976 0.9730387 0.9716902 0.9719551 0.9716902 0.9730387 0.9632651 0.9730387 0.9748706 0.4629448 0.9951121 0.4643771 0.995112 0.5178642 0.9610976 0.9437792 0.9621813 0.9719551 0.9408563 0.9705229 0.9621813 0.9437792 0.9716902 0.9171311 0.9716903 0.9705229 0.9650131 0.5178642 0.9650131 0.4643761 0.9664454 0.464483 0.9664454 0.464483 0.9748706 0.4629448 0.9748706 0.5192964 0.9742062 0.9705229 0.9731225 0.9705229 0.9731224 0.9170348 0.963265 0.9145197 0.9716902 0.914519 0.9716902 0.9156026 0.9951121 0.4643771 0.995112 0.4629448 0.9961335 0.4633699 0.9171115 0.9078307 0.9084421 0.9078307 0.9084421 0.4993104 0.9386622 0.9145198 0.9397497 0.9145198 0.9397497 0.9156035 0.9397497 0.9145198 0.940856 0.9145199 0.940856 0.9156034 0.939424 0.9705229 0.9394242 0.9716238 0.9383403 0.9716238 0.9394242 0.9716238 0.9394242 0.9727166 0.9383403 0.9727166 0.9731225 0.9727178 0.9731225 0.9716204 0.9742062 0.9716204 0.9731225 0.9716204 0.9731225 0.9705229 0.9742062 0.9705229 0.9716902 0.914519 0.9724314 0.9145188 0.9724317 0.9156026 0.9724314 0.9145188 0.9731729 0.9145188 0.973173 0.9156025 0.9731729 0.9145188 0.9739143 0.9145187 0.9739144 0.9156024 0.9604589 0.9078307 0.94312 0.9078307 0.94312 0.4993104 0.9716902 0.9171311 0.9731224 0.9170348 0.9731225 0.9705229 0.94312 0.9078307 0.9171115 0.9078307 0.9171115 0.4993104 0.9394242 0.9170356 0.939424 0.9705229 0.9437589 0.9437792 0.908442 0.9078307 0.908442 0.4993104 0.895438 0.4993104 0.9621813 0.9156035 0.940856 0.9156034 0.9524281 0.9177709 0.895438 0.4993104 0.8867685 0.4993104 0.8867685 0.9078307 0.9621813 0.9437792 0.9621813 0.9156035 0.9610976 0.9177709 0.9437589 0.9307751 0.9524281 0.9307751 0.9524281 0.9177709 0.8867685 0.9078307 0.8867685 0.4993104 0.8737643 0.4993104 0.9610976 0.9145198 0.940856 0.9145199 0.940856 0.9156034 0.9383403 0.9170356 0.9383403 0.9705229 0.939424 0.9705229 0.9408562 0.9719551 0.9408562 0.9730387 0.9610976 0.9730387 0.9632651 0.9730387 0.9716902 0.9730387 0.9716902 0.9719551 0.9748706 0.5192964 0.995112 0.5178642 0.9951122 0.4643771 0.9408563 0.9705229 0.9621813 0.9719551 0.9610976 0.9437792 0.9621813 0.9437792 0.9621813 0.9719551 0.9716903 0.9705229 0.965013 0.5178642 0.9664455 0.5178642 0.9664455 0.464483 0.9748706 0.5192964 0.9748706 0.4629448 0.9664455 0.464483 0.9731224 0.9170348 0.9731225 0.9705229 0.9742062 0.9705229 0.9716902 0.9156026 0.9716902 0.914519 0.963265 0.9145197 0.9951122 0.4643771 0.9965444 0.464377 0.9961336 0.4633699 0.908442 0.4993104 0.908442 0.9078307 0.9171115 0.9078307 0.9397497 0.9156035 0.9397497 0.9145198 0.9386622 0.9145198 0.940856 0.9156034 0.940856 0.9145199 0.9397497 0.9145198 0.9383403 0.9716238 0.9394242 0.9716238 0.939424 0.9705229 0.9383403 0.9727166 0.9394242 0.9727166 0.9394242 0.9716238 0.9742062 0.9716204 0.9731225 0.9716204 0.9731225 0.9727178 0.9742062 0.9705229 0.9731225 0.9705229 0.9731225 0.9716204 0.9724317 0.9156026 0.9724314 0.9145188 0.9716902 0.914519 0.973173 0.9156025 0.9731729 0.9145188 0.9724314 0.9145188 0.9739144 0.9156024 0.9739143 0.9145187 0.9731729 0.9145188 0.94312 0.4993104 0.94312 0.9078307 0.960459 0.9078307 0.9716902 0.9171311 0.9716903 0.9705229 0.9731225 0.9705229 0.9171115 0.4993104 0.9171115 0.9078307 0.94312 0.9078307 0.9394242 0.9170356 0.939424 0.9705229 0.9437589 0.9437792 0.908442 0.9078307 0.908442 0.4993104 0.895438 0.4993104 0.9621813 0.9156035 0.940856 0.9156034 0.9524281 0.9177709 0.895438 0.4993104 0.8867685 0.4993104 0.8867685 0.9078307 0.9621813 0.9437792 0.9621813 0.9156035 0.9610976 0.9177709 0.9437589 0.9307751 0.9524281 0.9307751 0.9524281 0.9177709 0.8867685 0.9078307 0.8867685 0.4993104 0.8737643 0.4993104 0.9610976 0.9145198 0.940856 0.9145199 0.940856 0.9156034 0.9383403 0.9170356 0.9383403 0.9705229 0.939424 0.9705229 0.9408562 0.9719551 0.9408562 0.9730387 0.9610976 0.9730387 0.9632651 0.9730387 0.9716902 0.9730387 0.9716902 0.9719551 0.9748706 0.4629448 0.9748706 0.5192964 0.995112 0.5178642 0.9408563 0.9705229 0.9621813 0.9719551 0.9610976 0.9437792 0.9621813 0.9437792 0.9621813 0.9719551 0.9716903 0.9705229 0.965013 0.5178642 0.9664455 0.5178642 0.9664455 0.464483 0.9748706 0.5192964 0.9748706 0.4629448 0.9664455 0.464483 0.9731224 0.9170348 0.9731225 0.9705229 0.9742062 0.9705229 0.9716902 0.9156026 0.9716902 0.914519 0.963265 0.9145197 0.9951122 0.4643771 0.9965444 0.464377 0.9961336 0.4633699 0.908442 0.4993104 0.908442 0.9078307 0.9171115 0.9078307 0.9397497 0.9156035 0.9397497 0.9145198 0.9386622 0.9145198 0.940856 0.9156034 0.940856 0.9145199 0.9397497 0.9145198 0.9383403 0.9716238 0.9394242 0.9716238 0.939424 0.9705229 0.9383403 0.9727166 0.9394242 0.9727166 0.9394242 0.9716238 0.9742062 0.9716204 0.9731225 0.9716204 0.9731225 0.9727178 0.9742062 0.9705229 0.9731225 0.9705229 0.9731225 0.9716204 0.9724317 0.9156026 0.9724314 0.9145188 0.9716902 0.914519 0.973173 0.9156025 0.9731729 0.9145188 0.9724314 0.9145188 0.9739144 0.9156024 0.9739143 0.9145187 0.9731729 0.9145188 0.94312 0.4993104 0.94312 0.9078307 0.960459 0.9078307 0.9716902 0.9171311 0.9716903 0.9705229 0.9731225 0.9705229 0.9171115 0.4993104 0.9171115 0.9078307 0.94312 0.9078307 0.9437589 0.9437792 0.939424 0.9705229 0.9394242 0.9170356 0.895438 0.4993104 0.908442 0.4993104 0.908442 0.9078307 0.9524281 0.9177709 0.940856 0.9156034 0.9621813 0.9156035 0.8867685 0.9078307 0.8867685 0.4993104 0.895438 0.4993104 0.9610976 0.9177709 0.9621813 0.9156035 0.9621813 0.9437792 0.9524281 0.9177709 0.9524281 0.9307751 0.9437589 0.9307751 0.8737643 0.4993104 0.8867685 0.4993104 0.8867685 0.9078307 0.940856 0.9156034 0.940856 0.9145199 0.9610976 0.9145198 0.939424 0.9705229 0.9383403 0.9705229 0.9383403 0.9170356 0.9408562 0.9719551 0.9621813 0.9719551 0.9610976 0.9730387 0.9716902 0.9719551 0.9716902 0.9730387 0.9632651 0.9730387 0.9951122 0.4643771 0.995112 0.5178642 0.9748706 0.5192964 0.9610976 0.9437792 0.9621813 0.9719551 0.9408563 0.9705229 0.9621813 0.9437792 0.9716902 0.9171311 0.9716903 0.9705229 0.965013 0.5178642 0.965013 0.4643761 0.9664455 0.464483 0.9664455 0.464483 0.9748706 0.4629448 0.9748706 0.5192964 0.9742062 0.9705229 0.9731225 0.9705229 0.9731224 0.9170348 0.963265 0.9145197 0.9716902 0.914519 0.9716902 0.9156026 0.9951122 0.4643771 0.995112 0.4629448 0.9961336 0.4633699 0.9171115 0.9078307 0.908442 0.9078307 0.908442 0.4993104 0.9386622 0.9145198 0.9397497 0.9145198 0.9397497 0.9156035 0.9397497 0.9145198 0.940856 0.9145199 0.940856 0.9156034 0.939424 0.9705229 0.9394242 0.9716238 0.9383403 0.9716238 0.9394242 0.9716238 0.9394242 0.9727166 0.9383403 0.9727166 0.9731225 0.9727178 0.9731225 0.9716204 0.9742062 0.9716204 0.9731225 0.9716204 0.9731225 0.9705229 0.9742062 0.9705229 0.9716902 0.914519 0.9724314 0.9145188 0.9724317 0.9156026 0.9724314 0.9145188 0.9731729 0.9145188 0.973173 0.9156025 0.9731729 0.9145188 0.9739143 0.9145187 0.9739144 0.9156024 0.960459 0.9078307 0.94312 0.9078307 0.94312 0.4993104 0.9716902 0.9171311 0.9731224 0.9170348 0.9731225 0.9705229 0.94312 0.9078307 0.9171115 0.9078307 0.9171115 0.4993104 0.9437589 0.9437792 0.939424 0.9705229 0.9394242 0.9170356 0.895438 0.4993104 0.908442 0.4993104 0.908442 0.9078307 0.9524281 0.9177709 0.940856 0.9156034 0.9621813 0.9156035 0.8867685 0.9078307 0.8867685 0.4993104 0.895438 0.4993104 0.9610976 0.9177709 0.9621813 0.9156035 0.9621813 0.9437792 0.9524281 0.9177709 0.9524281 0.9307751 0.9437589 0.9307751 0.8737643 0.4993104 0.8867685 0.4993104 0.8867685 0.9078307 0.940856 0.9156034 0.940856 0.9145199 0.9610976 0.9145198 0.939424 0.9705229 0.9383403 0.9705229 0.9383403 0.9170356 0.9408562 0.9719551 0.9621813 0.9719551 0.9610976 0.9730387 0.9716902 0.9719551 0.9716902 0.9730387 0.9632651 0.9730387 0.9748706 0.4629448 0.9951122 0.4643771 0.995112 0.5178642 0.9610976 0.9437792 0.9621813 0.9719551 0.9408563 0.9705229 0.9621813 0.9437792 0.9716902 0.9171311 0.9716903 0.9705229 0.965013 0.5178642 0.965013 0.4643761 0.9664455 0.464483 0.9664455 0.464483 0.9748706 0.4629448 0.9748706 0.5192964 0.9742062 0.9705229 0.9731225 0.9705229 0.9731224 0.9170348 0.963265 0.9145197 0.9716902 0.914519 0.9716902 0.9156026 0.9951122 0.4643771 0.995112 0.4629448 0.9961336 0.4633699 0.9171115 0.9078307 0.908442 0.9078307 0.908442 0.4993104 0.9386622 0.9145198 0.9397497 0.9145198 0.9397497 0.9156035 0.9397497 0.9145198 0.940856 0.9145199 0.940856 0.9156034 0.939424 0.9705229 0.9394242 0.9716238 0.9383403 0.9716238 0.9394242 0.9716238 0.9394242 0.9727166 0.9383403 0.9727166 0.9731225 0.9727178 0.9731225 0.9716204 0.9742062 0.9716204 0.9731225 0.9716204 0.9731225 0.9705229 0.9742062 0.9705229 0.9716902 0.914519 0.9724314 0.9145188 0.9724317 0.9156026 0.9724314 0.9145188 0.9731729 0.9145188 0.973173 0.9156025 0.9731729 0.9145188 0.9739143 0.9145187 0.9739144 0.9156024 0.960459 0.9078307 0.94312 0.9078307 0.94312 0.4993104 0.9716902 0.9171311 0.9731224 0.9170348 0.9731225 0.9705229 0.94312 0.9078307 0.9171115 0.9078307 0.9171115 0.4993104 0.9394242 0.9170356 0.939424 0.9705229 0.9437589 0.9437792 0.908442 0.9078307 0.908442 0.4993104 0.895438 0.4993104 0.9621813 0.9156035 0.940856 0.9156034 0.9524281 0.9177709 0.895438 0.4993104 0.8867685 0.4993104 0.8867685 0.9078307 0.9621813 0.9437792 0.9621813 0.9156035 0.9610976 0.9177709 0.9437589 0.9307751 0.9524281 0.9307751 0.9524281 0.9177709 0.8867685 0.9078307 0.8867685 0.4993104 0.8737643 0.4993104 0.9610976 0.9145198 0.940856 0.9145199 0.940856 0.9156034 0.9383403 0.9170356 0.9383403 0.9705229 0.939424 0.9705229 0.9408562 0.9719551 0.9408562 0.9730387 0.9610976 0.9730387 0.9632651 0.9730387 0.9716902 0.9730387 0.9716902 0.9719551 0.9748706 0.5192964 0.995112 0.5178642 0.9951122 0.4643771 0.9408563 0.9705229 0.9621813 0.9719551 0.9610976 0.9437792 0.9621813 0.9437792 0.9621813 0.9719551 0.9716903 0.9705229 0.965013 0.5178642 0.9664455 0.5178642 0.9664455 0.464483 0.9748706 0.5192964 0.9748706 0.4629448 0.9664455 0.464483 0.9731224 0.9170348 0.9731225 0.9705229 0.9742062 0.9705229 0.9716902 0.9156026 0.9716902 0.914519 0.963265 0.9145197 0.9951122 0.4643771 0.9965444 0.464377 0.9961336 0.4633699 0.908442 0.4993104 0.908442 0.9078307 0.9171115 0.9078307 0.9397497 0.9156035 0.9397497 0.9145198 0.9386622 0.9145198 0.940856 0.9156034 0.940856 0.9145199 0.9397497 0.9145198 0.9383403 0.9716238 0.9394242 0.9716238 0.939424 0.9705229 0.9383403 0.9727166 0.9394242 0.9727166 0.9394242 0.9716238 0.9742062 0.9716204 0.9731225 0.9716204 0.9731225 0.9727178 0.9742062 0.9705229 0.9731225 0.9705229 0.9731225 0.9716204 0.9724317 0.9156026 0.9724314 0.9145188 0.9716902 0.914519 0.973173 0.9156025 0.9731729 0.9145188 0.9724314 0.9145188 0.9739144 0.9156024 0.9739143 0.9145187 0.9731729 0.9145188 0.94312 0.4993104 0.94312 0.9078307 0.960459 0.9078307 0.9716902 0.9171311 0.9716903 0.9705229 0.9731225 0.9705229 0.9171115 0.4993104 0.9171115 0.9078307 0.94312 0.9078307 0.9394242 0.9170356 0.939424 0.9705229 0.9437589 0.9437792 0.908442 0.9078307 0.908442 0.4993104 0.895438 0.4993104 0.9621813 0.9156035 0.940856 0.9156034 0.9524281 0.9177709 0.895438 0.4993104 0.8867685 0.4993104 0.8867685 0.9078307 0.9621813 0.9437792 0.9621813 0.9156035 0.9610976 0.9177709 0.9437589 0.9307751 0.9524281 0.9307751 0.9524281 0.9177709 0.8867685 0.9078307 0.8867685 0.4993104 0.8737643 0.4993104 0.9610976 0.9145198 0.940856 0.9145199 0.940856 0.9156034 0.9383403 0.9170356 0.9383403 0.9705229 0.939424 0.9705229 0.9408562 0.9719551 0.9408562 0.9730387 0.9610976 0.9730387 0.9632651 0.9730387 0.9716902 0.9730387 0.9716902 0.9719551 0.9748706 0.4629448 0.9748706 0.5192964 0.995112 0.5178642 0.9408563 0.9705229 0.9621813 0.9719551 0.9610976 0.9437792 0.9621813 0.9437792 0.9621813 0.9719551 0.9716903 0.9705229 0.965013 0.5178642 0.9664455 0.5178642 0.9664455 0.464483 0.9748706 0.5192964 0.9748706 0.4629448 0.9664455 0.464483 0.9731224 0.9170348 0.9731225 0.9705229 0.9742062 0.9705229 0.9716902 0.9156026 0.9716902 0.914519 0.963265 0.9145197 0.9951122 0.4643771 0.9965444 0.464377 0.9961336 0.4633699 0.908442 0.4993104 0.908442 0.9078307 0.9171115 0.9078307 0.9397497 0.9156035 0.9397497 0.9145198 0.9386622 0.9145198 0.940856 0.9156034 0.940856 0.9145199 0.9397497 0.9145198 0.9383403 0.9716238 0.9394242 0.9716238 0.939424 0.9705229 0.9383403 0.9727166 0.9394242 0.9727166 0.9394242 0.9716238 0.9742062 0.9716204 0.9731225 0.9716204 0.9731225 0.9727178 0.9742062 0.9705229 0.9731225 0.9705229 0.9731225 0.9716204 0.9724317 0.9156026 0.9724314 0.9145188 0.9716902 0.914519 0.973173 0.9156025 0.9731729 0.9145188 0.9724314 0.9145188 0.9739144 0.9156024 0.9739143 0.9145187 0.9731729 0.9145188 0.94312 0.4993104 0.94312 0.9078307 0.960459 0.9078307 0.9716902 0.9171311 0.9716903 0.9705229 0.9731225 0.9705229 0.9171115 0.4993104 0.9171115 0.9078307 0.94312 0.9078307 0.9437589 0.9437792 0.939424 0.9705229 0.9394242 0.9170356 0.895438 0.4993104 0.908442 0.4993104 0.908442 0.9078307 0.9524281 0.9177709 0.940856 0.9156034 0.9621813 0.9156035 0.8867685 0.9078307 0.8867685 0.4993104 0.895438 0.4993104 0.9610976 0.9177709 0.9621813 0.9156035 0.9621813 0.9437792 0.9524281 0.9177709 0.9524281 0.9307751 0.9437589 0.9307751 0.8737643 0.4993104 0.8867685 0.4993104 0.8867685 0.9078307 0.940856 0.9156034 0.940856 0.9145199 0.9610976 0.9145198 0.939424 0.9705229 0.9383403 0.9705229 0.9383403 0.9170356 0.9408562 0.9719551 0.9621813 0.9719551 0.9610976 0.9730387 0.9716902 0.9719551 0.9716902 0.9730387 0.9632651 0.9730387 0.9951122 0.4643771 0.995112 0.5178642 0.9748706 0.5192964 0.9610976 0.9437792 0.9621813 0.9719551 0.9408563 0.9705229 0.9621813 0.9437792 0.9716902 0.9171311 0.9716903 0.9705229 0.965013 0.5178642 0.965013 0.4643761 0.9664455 0.464483 0.9664455 0.464483 0.9748706 0.4629448 0.9748706 0.5192964 0.9742062 0.9705229 0.9731225 0.9705229 0.9731224 0.9170348 0.963265 0.9145197 0.9716902 0.914519 0.9716902 0.9156026 0.9951122 0.4643771 0.995112 0.4629448 0.9961336 0.4633699 0.9171115 0.9078307 0.908442 0.9078307 0.908442 0.4993104 0.9386622 0.9145198 0.9397497 0.9145198 0.9397497 0.9156035 0.9397497 0.9145198 0.940856 0.9145199 0.940856 0.9156034 0.939424 0.9705229 0.9394242 0.9716238 0.9383403 0.9716238 0.9394242 0.9716238 0.9394242 0.9727166 0.9383403 0.9727166 0.9731225 0.9727178 0.9731225 0.9716204 0.9742062 0.9716204 0.9731225 0.9716204 0.9731225 0.9705229 0.9742062 0.9705229 0.9716902 0.914519 0.9724314 0.9145188 0.9724317 0.9156026 0.9724314 0.9145188 0.9731729 0.9145188 0.973173 0.9156025 0.9731729 0.9145188 0.9739143 0.9145187 0.9739144 0.9156024 0.960459 0.9078307 0.94312 0.9078307 0.94312 0.4993104 0.9716902 0.9171311 0.9731224 0.9170348 0.9731225 0.9705229 0.94312 0.9078307 0.9171115 0.9078307 0.9171115 0.4993104 0.9437589 0.9437792 0.939424 0.9705229 0.9394242 0.9170356 0.895438 0.4993104 0.908442 0.4993104 0.908442 0.9078307 0.9524281 0.9177709 0.940856 0.9156034 0.9621813 0.9156035 0.8867685 0.9078307 0.8867685 0.4993104 0.895438 0.4993104 0.9610976 0.9177709 0.9621813 0.9156035 0.9621813 0.9437792 0.9524281 0.9177709 0.9524281 0.9307751 0.9437589 0.9307751 0.8737643 0.4993104 0.8867685 0.4993104 0.8867685 0.9078307 0.940856 0.9156034 0.940856 0.9145199 0.9610976 0.9145198 0.939424 0.9705229 0.9383403 0.9705229 0.9383403 0.9170356 0.9408562 0.9719551 0.9621813 0.9719551 0.9610976 0.9730387 0.9716902 0.9719551 0.9716902 0.9730387 0.9632651 0.9730387 0.9748706 0.4629448 0.9951122 0.4643771 0.995112 0.5178642 0.9610976 0.9437792 0.9621813 0.9719551 0.9408563 0.9705229 0.9621813 0.9437792 0.9716902 0.9171311 0.9716903 0.9705229 0.965013 0.5178642 0.965013 0.4643761 0.9664455 0.464483 0.9664455 0.464483 0.9748706 0.4629448 0.9748706 0.5192964 0.9742062 0.9705229 0.9731225 0.9705229 0.9731224 0.9170348 0.963265 0.9145197 0.9716902 0.914519 0.9716902 0.9156026 0.9951122 0.4643771 0.995112 0.4629448 0.9961336 0.4633699 0.9171115 0.9078307 0.908442 0.9078307 0.908442 0.4993104 0.9386622 0.9145198 0.9397497 0.9145198 0.9397497 0.9156035 0.9397497 0.9145198 0.940856 0.9145199 0.940856 0.9156034 0.939424 0.9705229 0.9394242 0.9716238 0.9383403 0.9716238 0.9394242 0.9716238 0.9394242 0.9727166 0.9383403 0.9727166 0.9731225 0.9727178 0.9731225 0.9716204 0.9742062 0.9716204 0.9731225 0.9716204 0.9731225 0.9705229 0.9742062 0.9705229 0.9716902 0.914519 0.9724314 0.9145188 0.9724317 0.9156026 0.9724314 0.9145188 0.9731729 0.9145188 0.973173 0.9156025 0.9731729 0.9145188 0.9739143 0.9145187 0.9739144 0.9156024 0.960459 0.9078307 0.94312 0.9078307 0.94312 0.4993104 0.9716902 0.9171311 0.9731224 0.9170348 0.9731225 0.9705229 0.94312 0.9078307 0.9171115 0.9078307 0.9171115 0.4993104 0.9394242 0.9170356 0.939424 0.9705229 0.9437589 0.9437792 0.908442 0.9078307 0.908442 0.4993104 0.895438 0.4993104 0.9621813 0.9156035 0.940856 0.9156034 0.9524281 0.9177709 0.895438 0.4993104 0.8867685 0.4993104 0.8867685 0.9078307 0.9621813 0.9437792 0.9621813 0.9156035 0.9610976 0.9177709 0.9437589 0.9307751 0.9524281 0.9307751 0.9524281 0.9177709 0.8867685 0.9078307 0.8867685 0.4993104 0.8737643 0.4993104 0.9610976 0.9145198 0.940856 0.9145199 0.940856 0.9156034 0.9383403 0.9170356 0.9383403 0.9705229 0.939424 0.9705229 0.9408562 0.9719551 0.9408562 0.9730387 0.9610976 0.9730387 0.9632651 0.9730387 0.9716902 0.9730387 0.9716902 0.9719551 0.9748706 0.5192964 0.995112 0.5178642 0.9951122 0.4643771 0.9408563 0.9705229 0.9621813 0.9719551 0.9610976 0.9437792 0.9621813 0.9437792 0.9621813 0.9719551 0.9716903 0.9705229 0.965013 0.5178642 0.9664455 0.5178642 0.9664455 0.464483 0.9748706 0.5192964 0.9748706 0.4629448 0.9664455 0.464483 0.9731224 0.9170348 0.9731225 0.9705229 0.9742062 0.9705229 0.9716902 0.9156026 0.9716902 0.914519 0.963265 0.9145197 0.9951122 0.4643771 0.9965444 0.464377 0.9961336 0.4633699 0.908442 0.4993104 0.908442 0.9078307 0.9171115 0.9078307 0.9397497 0.9156035 0.9397497 0.9145198 0.9386622 0.9145198 0.940856 0.9156034 0.940856 0.9145199 0.9397497 0.9145198 0.9383403 0.9716238 0.9394242 0.9716238 0.939424 0.9705229 0.9383403 0.9727166 0.9394242 0.9727166 0.9394242 0.9716238 0.9742062 0.9716204 0.9731225 0.9716204 0.9731225 0.9727178 0.9742062 0.9705229 0.9731225 0.9705229 0.9731225 0.9716204 0.9724317 0.9156026 0.9724314 0.9145188 0.9716902 0.914519 0.973173 0.9156025 0.9731729 0.9145188 0.9724314 0.9145188 0.9739144 0.9156024 0.9739143 0.9145187 0.9731729 0.9145188 0.94312 0.4993104 0.94312 0.9078307 0.960459 0.9078307 0.9716902 0.9171311 0.9716903 0.9705229 0.9731225 0.9705229 0.9171115 0.4993104 0.9171115 0.9078307 0.94312 0.9078307 0.9394242 0.9170356 0.939424 0.9705229 0.9437589 0.9437792 0.908442 0.9078307 0.908442 0.4993104 0.895438 0.4993104 0.9621813 0.9156035 0.940856 0.9156034 0.9524281 0.9177709 0.895438 0.4993104 0.8867685 0.4993104 0.8867685 0.9078307 0.9621813 0.9437792 0.9621813 0.9156035 0.9610976 0.9177709 0.9437589 0.9307751 0.9524281 0.9307751 0.9524281 0.9177709 0.8867685 0.9078307 0.8867685 0.4993104 0.8737643 0.4993104 0.9610976 0.9145198 0.940856 0.9145199 0.940856 0.9156034 0.9383403 0.9170356 0.9383403 0.9705229 0.939424 0.9705229 0.9408562 0.9719551 0.9408562 0.9730387 0.9610976 0.9730387 0.9632651 0.9730387 0.9716902 0.9730387 0.9716902 0.9719551 0.9748706 0.4629448 0.9748706 0.5192964 0.995112 0.5178642 0.9408563 0.9705229 0.9621813 0.9719551 0.9610976 0.9437792 0.9621813 0.9437792 0.9621813 0.9719551 0.9716903 0.9705229 0.965013 0.5178642 0.9664455 0.5178642 0.9664455 0.464483 0.9748706 0.5192964 0.9748706 0.4629448 0.9664455 0.464483 0.9731224 0.9170348 0.9731225 0.9705229 0.9742062 0.9705229 0.9716902 0.9156026 0.9716902 0.914519 0.963265 0.9145197 0.9951122 0.4643771 0.9965444 0.464377 0.9961336 0.4633699 0.908442 0.4993104 0.908442 0.9078307 0.9171115 0.9078307 0.9397497 0.9156035 0.9397497 0.9145198 0.9386622 0.9145198 0.940856 0.9156034 0.940856 0.9145199 0.9397497 0.9145198 0.9383403 0.9716238 0.9394242 0.9716238 0.939424 0.9705229 0.9383403 0.9727166 0.9394242 0.9727166 0.9394242 0.9716238 0.9742062 0.9716204 0.9731225 0.9716204 0.9731225 0.9727178 0.9742062 0.9705229 0.9731225 0.9705229 0.9731225 0.9716204 0.9724317 0.9156026 0.9724314 0.9145188 0.9716902 0.914519 0.973173 0.9156025 0.9731729 0.9145188 0.9724314 0.9145188 0.9739144 0.9156024 0.9739143 0.9145187 0.9731729 0.9145188 0.94312 0.4993104 0.94312 0.9078307 0.960459 0.9078307 0.9716902 0.9171311 0.9716903 0.9705229 0.9731225 0.9705229 0.9171115 0.4993104 0.9171115 0.9078307 0.94312 0.9078307 0.9437589 0.9437792 0.939424 0.9705229 0.9394242 0.9170356 0.895438 0.4993104 0.908442 0.4993104 0.908442 0.9078307 0.9524281 0.9177709 0.940856 0.9156034 0.9621813 0.9156035 0.8867685 0.9078307 0.8867685 0.4993104 0.895438 0.4993104 0.9610976 0.9177709 0.9621813 0.9156035 0.9621813 0.9437792 0.9524281 0.9177709 0.9524281 0.9307751 0.9437589 0.9307751 0.8737643 0.4993104 0.8867685 0.4993104 0.8867685 0.9078307 0.940856 0.9156034 0.940856 0.9145199 0.9610976 0.9145198 0.939424 0.9705229 0.9383403 0.9705229 0.9383403 0.9170356 0.9408562 0.9719551 0.9621813 0.9719551 0.9610976 0.9730387 0.9716902 0.9719551 0.9716902 0.9730387 0.9632651 0.9730387 0.9951122 0.4643771 0.995112 0.5178642 0.9748706 0.5192964 0.9610976 0.9437792 0.9621813 0.9719551 0.9408563 0.9705229 0.9621813 0.9437792 0.9716902 0.9171311 0.9716903 0.9705229 0.965013 0.5178642 0.965013 0.4643761 0.9664455 0.464483 0.9664455 0.464483 0.9748706 0.4629448 0.9748706 0.5192964 0.9742062 0.9705229 0.9731225 0.9705229 0.9731224 0.9170348 0.963265 0.9145197 0.9716902 0.914519 0.9716902 0.9156026 0.9951122 0.4643771 0.995112 0.4629448 0.9961336 0.4633699 0.9171115 0.9078307 0.908442 0.9078307 0.908442 0.4993104 0.9386622 0.9145198 0.9397497 0.9145198 0.9397497 0.9156035 0.9397497 0.9145198 0.940856 0.9145199 0.940856 0.9156034 0.939424 0.9705229 0.9394242 0.9716238 0.9383403 0.9716238 0.9394242 0.9716238 0.9394242 0.9727166 0.9383403 0.9727166 0.9731225 0.9727178 0.9731225 0.9716204 0.9742062 0.9716204 0.9731225 0.9716204 0.9731225 0.9705229 0.9742062 0.9705229 0.9716902 0.914519 0.9724314 0.9145188 0.9724317 0.9156026 0.9724314 0.9145188 0.9731729 0.9145188 0.973173 0.9156025 0.9731729 0.9145188 0.9739143 0.9145187 0.9739144 0.9156024 0.960459 0.9078307 0.94312 0.9078307 0.94312 0.4993104 0.9716902 0.9171311 0.9731224 0.9170348 0.9731225 0.9705229 0.94312 0.9078307 0.9171115 0.9078307 0.9171115 0.4993104 1.00056 0.619186 0.9786244 0.619186 0.9767012 0.6119412 0.9957481 0.6010616 0.9767012 0.6119412 0.9714378 0.6066043 0.9714378 0.6066043 0.9642204 0.6045807 0.9645246 0.5826476 0.9645246 0.6557242 0.9642204 0.6337912 0.9714378 0.6317676 0.9825805 0.6506617 0.9714378 0.6317676 0.9767012 0.6264306 0.9767012 0.6264306 0.9786244 0.619186 1.00056 0.619186 0.9799302 0.7448623 0.9709063 0.7448623 0.9709064 0.7369937 0.9953504 0.7156494 0.9953504 0.7246732 0.9874817 0.7246732 0.9874807 0.7481318 0.9874807 0.739108 0.9953492 0.739108 0.9986105 0.7012168 0.9986105 0.7079086 0.9907419 0.7079086 0.9953492 0.7481318 0.9953492 0.7548236 0.9874807 0.7548236 0.9799302 0.7369937 0.986622 0.7369937 0.986622 0.7448623 0.9642145 0.7369937 0.9709064 0.7369937 0.9709063 0.7448623 0.9986105 0.692193 0.9986105 0.7012168 0.9907419 0.7012168 0.9786244 0.619186 0.9767012 0.6119412 0.9957481 0.6010616 0.9767012 0.6119412 0.9714378 0.6066043 0.9825805 0.5877102 0.9714378 0.6066043 0.9642204 0.6045807 0.9645246 0.5826476 0.9642204 0.6337912 0.9714378 0.6317676 0.9825805 0.6506617 0.9714378 0.6317676 0.9767012 0.6264306 0.9957481 0.6373103 0.9957481 0.6373103 0.9767012 0.6264306 0.9786244 0.619186 0.9799302 0.7448623 0.9709063 0.7448623 0.9709064 0.7369937 0.9953504 0.7156494 0.9953504 0.7246732 0.9874817 0.7246732 0.9874807 0.7481318 0.9874807 0.739108 0.9953492 0.739108 0.9986105 0.7012168 0.9986105 0.7079086 0.9907419 0.7079086 0.9953492 0.7481318 0.9953492 0.7548236 0.9874807 0.7548236 0.9799302 0.7369937 0.986622 0.7369937 0.986622 0.7448623 0.9642145 0.7369937 0.9709064 0.7369937 0.9709063 0.7448623 0.9986105 0.692193 0.9986105 0.7012168 0.9907419 0.7012168 0.9799302 0.7448623 0.9709063 0.7448623 0.9709064 0.7369937 0.9953504 0.7156494 0.9953504 0.7246732 0.9874817 0.7246732 0.9874807 0.7481318 0.9874807 0.739108 0.9953492 0.739108 0.9986105 0.7012168 0.9986105 0.7079086 0.9907419 0.7079086 0.9953492 0.7481318 0.9953492 0.7548236 0.9874807 0.7548236 0.9799302 0.7369937 0.986622 0.7369937 0.986622 0.7448623 0.9642145 0.7369937 0.9709064 0.7369937 0.9709063 0.7448623 0.9986105 0.692193 0.9986105 0.7012168 0.9907419 0.7012168 0.9799302 0.7448623 0.9709063 0.7448623 0.9709064 0.7369937 0.9953504 0.7156494 0.9953504 0.7246732 0.9874817 0.7246732 0.9874807 0.7481318 0.9874807 0.739108 0.9953492 0.739108 0.9986105 0.7012168 0.9986105 0.7079086 0.9907419 0.7079086 0.9953492 0.7481318 0.9953492 0.7548236 0.9874807 0.7548236 0.9799302 0.7369937 0.986622 0.7369937 0.986622 0.7448623 0.9642145 0.7369937 0.9709064 0.7369937 0.9709063 0.7448623 0.9986105 0.692193 0.9986105 0.7012168 0.9907419 0.7012168 0.9799302 0.7448623 0.9709063 0.7448623 0.9709064 0.7369937 0.9953504 0.7156494 0.9953504 0.7246732 0.9874817 0.7246732 0.9874807 0.7481318 0.9874807 0.739108 0.9953492 0.739108 0.9986105 0.7012168 0.9986105 0.7079086 0.9907419 0.7079086 0.9953492 0.7481318 0.9953492 0.7548236 0.9874807 0.7548236 0.9799302 0.7369937 0.986622 0.7369937 0.986622 0.7448623 0.9642145 0.7369937 0.9709064 0.7369937 0.9709063 0.7448623 0.9986105 0.692193 0.9986105 0.7012168 0.9907419 0.7012168 0.9799302 0.7448623 0.9709063 0.7448623 0.9709064 0.7369937 0.9953504 0.7156494 0.9953504 0.7246732 0.9874817 0.7246732 0.9874807 0.7481318 0.9874807 0.739108 0.9953492 0.739108 0.9986105 0.7012168 0.9986105 0.7079086 0.9907419 0.7079086 0.9953492 0.7481318 0.9953492 0.7548236 0.9874807 0.7548236 0.9799302 0.7369937 0.986622 0.7369937 0.986622 0.7448623 0.9642145 0.7369937 0.9709064 0.7369937 0.9709063 0.7448623 0.9986105 0.692193 0.9986105 0.7012168 0.9907419 0.7012168 0.9799302 0.7448623 0.9709063 0.7448623 0.9709064 0.7369937 0.9953504 0.7156494 0.9953504 0.7246732 0.9874817 0.7246732 0.9874807 0.7481318 0.9874807 0.739108 0.9953492 0.739108 0.9986105 0.7012168 0.9986105 0.7079086 0.9907419 0.7079086 0.9953492 0.7481318 0.9953492 0.7548236 0.9874807 0.7548236 0.9799302 0.7369937 0.986622 0.7369937 0.986622 0.7448623 0.9642145 0.7369937 0.9709064 0.7369937 0.9709063 0.7448623 0.9986105 0.692193 0.9986105 0.7012168 0.9907419 0.7012168 0.9799302 0.7448623 0.9709063 0.7448623 0.9709064 0.7369937 0.9953504 0.7156494 0.9953504 0.7246732 0.9874817 0.7246732 0.9874807 0.7481318 0.9874807 0.739108 0.9953492 0.739108 0.9986105 0.7012168 0.9986105 0.7079086 0.9907419 0.7079086 0.9953492 0.7481318 0.9953492 0.7548236 0.9874807 0.7548236 0.9799302 0.7369937 0.986622 0.7369937 0.986622 0.7448623 0.9642145 0.7369937 0.9709064 0.7369937 0.9709063 0.7448623 0.9986105 0.692193 0.9986105 0.7012168 0.9907419 0.7012168 0.9799302 0.7448623 0.9709063 0.7448623 0.9709064 0.7369937 0.9953504 0.7156494 0.9953504 0.7246732 0.9874817 0.7246732 0.9874807 0.7481318 0.9874807 0.739108 0.9953492 0.739108 0.9986105 0.7012168 0.9986105 0.7079086 0.9907419 0.7079086 0.9953492 0.7481318 0.9953492 0.7548236 0.9874807 0.7548236 0.9799302 0.7369937 0.986622 0.7369937 0.986622 0.7448623 0.9642145 0.7369937 0.9709064 0.7369937 0.9709063 0.7448623 0.9986105 0.692193 0.9986105 0.7012168 0.9907419 0.7012168 0.9799302 0.7448623 0.9709063 0.7448623 0.9709064 0.7369937 0.9953504 0.7156494 0.9953504 0.7246732 0.9874817 0.7246732 0.9874807 0.7481318 0.9874807 0.739108 0.9953492 0.739108 0.9986105 0.7012168 0.9986105 0.7079086 0.9907419 0.7079086 0.9953492 0.7481318 0.9953492 0.7548236 0.9874807 0.7548236 0.9799302 0.7369937 0.986622 0.7369937 0.986622 0.7448623 0.9642145 0.7369937 0.9709064 0.7369937 0.9709063 0.7448623 0.9986105 0.692193 0.9986105 0.7012168 0.9907419 0.7012168 0.9786244 0.619186 0.9767012 0.6119412 0.9957481 0.6010616 0.9767012 0.6119412 0.9714378 0.6066043 0.9825805 0.5877102 0.9714378 0.6066043 0.9642204 0.6045807 0.9645246 0.5826476 0.9645246 0.6557242 0.9642204 0.6337912 0.9714378 0.6317676 0.9825805 0.6506617 0.9714378 0.6317676 0.9767012 0.6264306 0.9767012 0.6264306 0.9786244 0.619186 1.00056 0.619186 1.00056 0.619186 0.9786244 0.619186 0.9767012 0.6119412 0.9767012 0.6119412 0.9714378 0.6066043 0.9825805 0.5877102 0.9825805 0.5877102 0.9714378 0.6066043 0.9642204 0.6045807 0.9642204 0.6337912 0.9714378 0.6317676 0.9825805 0.6506617 0.9825805 0.6506617 0.9714378 0.6317676 0.9767012 0.6264306 0.9957481 0.6373103 0.9767012 0.6264306 0.9786244 0.619186 1.00056 0.619186 0.9786244 0.619186 0.9767012 0.6119412 0.9957481 0.6010616 0.9767012 0.6119412 0.9714378 0.6066043 0.9825805 0.5877102 0.9714378 0.6066043 0.9642204 0.6045807 0.9642204 0.6337912 0.9714378 0.6317676 0.9825805 0.6506617 0.9825805 0.6506617 0.9714378 0.6317676 0.9767012 0.6264306 0.9957481 0.6373103 0.9767012 0.6264306 0.9786244 0.619186 1.00056 0.619186 0.9786244 0.619186 0.9767012 0.6119412 0.9767012 0.6119412 0.9714378 0.6066043 0.9825805 0.5877102 0.9825805 0.5877102 0.9714378 0.6066043 0.9642204 0.6045807 0.9642204 0.6337912 0.9714378 0.6317676 0.9825805 0.6506617 0.9714378 0.6317676 0.9767012 0.6264306 0.9957481 0.6373103 0.9957481 0.6373103 0.9767012 0.6264306 0.9786244 0.619186 1.00056 0.619186 0.9786244 0.619186 0.9767012 0.6119412 0.9957481 0.6010616 0.9767012 0.6119412 0.9714378 0.6066043 0.9825805 0.5877102 0.9714378 0.6066043 0.9642204 0.6045807 0.9642204 0.6337912 0.9714378 0.6317676 0.9825805 0.6506617 0.9714378 0.6317676 0.9767012 0.6264306 0.9957481 0.6373103 0.9767012 0.6264306 0.9786244 0.619186 1.00056 0.619186 0.9786244 0.619186 0.9767012 0.6119412 0.9957481 0.6010616 0.9767012 0.6119412 0.9714378 0.6066043 0.9825805 0.5877102 0.9714378 0.6066043 0.9642204 0.6045807 0.9645246 0.5826476 0.9642204 0.6337912 0.9714378 0.6317676 0.9825805 0.6506617 0.9825805 0.6506617 0.9714378 0.6317676 0.9767012 0.6264306 0.9957481 0.6373103 0.9767012 0.6264306 0.9786244 0.619186 1.00056 0.619186 0.9786244 0.619186 0.9767012 0.6119412 0.9767012 0.6119412 0.9714378 0.6066043 0.9825805 0.5877102 0.9825805 0.5877102 0.9714378 0.6066043 0.9642204 0.6045807 0.9642204 0.6337912 0.9714378 0.6317676 0.9825805 0.6506617 0.9825805 0.6506617 0.9714378 0.6317676 0.9767012 0.6264306 0.9957481 0.6373103 0.9767012 0.6264306 0.9786244 0.619186 0.9786244 0.619186 0.9767012 0.6119412 0.9957481 0.6010616 0.9767012 0.6119412 0.9714378 0.6066043 0.9825805 0.5877102 0.9714378 0.6066043 0.9642204 0.6045807 0.9645246 0.5826476 0.9645246 0.6557242 0.9642204 0.6337912 0.9714378 0.6317676 0.9714378 0.6317676 0.9767012 0.6264306 0.9957481 0.6373103 0.9957481 0.6373103 0.9767012 0.6264306 0.9786244 0.619186 0.9786244 0.619186 0.9767012 0.6119412 0.9957481 0.6010616 0.9767012 0.6119412 0.9714378 0.6066043 0.9825805 0.5877102 0.9825805 0.5877102 0.9714378 0.6066043 0.9642204 0.6045807 0.9642204 0.6337912 0.9714378 0.6317676 0.9825805 0.6506617 0.9714378 0.6317676 0.9767012 0.6264306 0.9957481 0.6373103 0.9957481 0.6373103 0.9767012 0.6264306 0.9786244 0.619186 0.9799302 0.7448623 0.9709063 0.7448623 0.9709064 0.7369937 0.9953504 0.7156494 0.9953504 0.7246732 0.9874817 0.7246732 0.9874807 0.7481318 0.9874807 0.739108 0.9953492 0.739108 0.9986105 0.7012168 0.9986105 0.7079086 0.9907419 0.7079086 0.9953492 0.7481318 0.9953492 0.7548236 0.9874807 0.7548236 0.9799302 0.7369937 0.986622 0.7369937 0.986622 0.7448623 0.9642145 0.7369937 0.9709064 0.7369937 0.9709063 0.7448623 0.9986105 0.692193 0.9986105 0.7012168 0.9907419 0.7012168 0.9786244 0.619186 0.9767012 0.6119412 0.9957481 0.6010616 0.9957481 0.6010616 0.9767012 0.6119412 0.9714378 0.6066043 0.9714378 0.6066043 0.9642204 0.6045807 0.9645246 0.5826476 0.9642204 0.6337912 0.9714378 0.6317676 0.9825805 0.6506617 0.9825805 0.6506617 0.9714378 0.6317676 0.9767012 0.6264306 0.9957481 0.6373103 0.9767012 0.6264306 0.9786244 0.619186 0.9799302 0.7448623 0.9709063 0.7448623 0.9709064 0.7369937 0.9953504 0.7156494 0.9953504 0.7246732 0.9874817 0.7246732 0.9874807 0.7481318 0.9874807 0.739108 0.9953492 0.739108 0.9986105 0.7012168 0.9986105 0.7079086 0.9907419 0.7079086 0.9953492 0.7481318 0.9953492 0.7548236 0.9874807 0.7548236 0.9799302 0.7369937 0.986622 0.7369937 0.986622 0.7448623 0.9642145 0.7369937 0.9709064 0.7369937 0.9709063 0.7448623 0.9986105 0.692193 0.9986105 0.7012168 0.9907419 0.7012168 0.9799302 0.7448623 0.9709063 0.7448623 0.9709064 0.7369937 0.9953504 0.7156494 0.9953504 0.7246732 0.9874817 0.7246732 0.9874807 0.7481318 0.9874807 0.739108 0.9953492 0.739108 0.9986105 0.7012168 0.9986105 0.7079086 0.9907419 0.7079086 0.9953492 0.7481318 0.9953492 0.7548236 0.9874807 0.7548236 0.9799302 0.7369937 0.986622 0.7369937 0.986622 0.7448623 0.9642145 0.7369937 0.9709064 0.7369937 0.9709063 0.7448623 0.9986105 0.692193 0.9986105 0.7012168 0.9907419 0.7012168 0.9799302 0.7448623 0.9709063 0.7448623 0.9709064 0.7369937 0.9953504 0.7156494 0.9953504 0.7246732 0.9874817 0.7246732 0.9874807 0.7481318 0.9874807 0.739108 0.9953492 0.739108 0.9986105 0.7012168 0.9986105 0.7079086 0.9907419 0.7079086 0.9953492 0.7481318 0.9953492 0.7548236 0.9874807 0.7548236 0.9799302 0.7369937 0.986622 0.7369937 0.986622 0.7448623 0.9642145 0.7369937 0.9709064 0.7369937 0.9709063 0.7448623 0.9986105 0.692193 0.9986105 0.7012168 0.9907419 0.7012168 0.9799302 0.7448623 0.9709063 0.7448623 0.9709064 0.7369937 0.9953504 0.7156494 0.9953504 0.7246732 0.9874817 0.7246732 0.9874807 0.7481318 0.9874807 0.739108 0.9953492 0.739108 0.9986105 0.7012168 0.9986105 0.7079086 0.9907419 0.7079086 0.9953492 0.7481318 0.9953492 0.7548236 0.9874807 0.7548236 0.9799302 0.7369937 0.986622 0.7369937 0.986622 0.7448623 0.9642145 0.7369937 0.9709064 0.7369937 0.9709063 0.7448623 0.9986105 0.692193 0.9986105 0.7012168 0.9907419 0.7012168 0.9799302 0.7448623 0.9709063 0.7448623 0.9709064 0.7369937 0.9953504 0.7156494 0.9953504 0.7246732 0.9874817 0.7246732 0.9874807 0.7481318 0.9874807 0.739108 0.9953492 0.739108 0.9986105 0.7012168 0.9986105 0.7079086 0.9907419 0.7079086 0.9953492 0.7481318 0.9953492 0.7548236 0.9874807 0.7548236 0.9799302 0.7369937 0.986622 0.7369937 0.986622 0.7448623 0.9642145 0.7369937 0.9709064 0.7369937 0.9709063 0.7448623 0.9986105 0.692193 0.9986105 0.7012168 0.9907419 0.7012168 0.9799302 0.7448623 0.9709063 0.7448623 0.9709064 0.7369937 0.9953504 0.7156494 0.9953504 0.7246732 0.9874817 0.7246732 0.9874807 0.7481318 0.9874807 0.739108 0.9953492 0.739108 0.9986105 0.7012168 0.9986105 0.7079086 0.9907419 0.7079086 0.9953492 0.7481318 0.9953492 0.7548236 0.9874807 0.7548236 0.9799302 0.7369937 0.986622 0.7369937 0.986622 0.7448623 0.9642145 0.7369937 0.9709064 0.7369937 0.9709063 0.7448623 0.9986105 0.692193 0.9986105 0.7012168 0.9907419 0.7012168 0.9799302 0.7448623 0.9709063 0.7448623 0.9709064 0.7369937 0.9953504 0.7156494 0.9953504 0.7246732 0.9874817 0.7246732 0.9874807 0.7481318 0.9874807 0.739108 0.9953492 0.739108 0.9986105 0.7012168 0.9986105 0.7079086 0.9907419 0.7079086 0.9953492 0.7481318 0.9953492 0.7548236 0.9874807 0.7548236 0.9799302 0.7369937 0.986622 0.7369937 0.986622 0.7448623 0.9642145 0.7369937 0.9709064 0.7369937 0.9709063 0.7448623 0.9986105 0.692193 0.9986105 0.7012168 0.9907419 0.7012168 0.9799302 0.7448623 0.9709063 0.7448623 0.9709064 0.7369937 0.9953504 0.7156494 0.9953504 0.7246732 0.9874817 0.7246732 0.9874807 0.7481318 0.9874807 0.739108 0.9953492 0.739108 0.9986105 0.7012168 0.9986105 0.7079086 0.9907419 0.7079086 0.9953492 0.7481318 0.9953492 0.7548236 0.9874807 0.7548236 0.9799302 0.7369937 0.986622 0.7369937 0.986622 0.7448623 0.9642145 0.7369937 0.9709064 0.7369937 0.9709063 0.7448623 0.9986105 0.692193 0.9986105 0.7012168 0.9907419 0.7012168 0.9799302 0.7448623 0.9709063 0.7448623 0.9709064 0.7369937 0.9953504 0.7156494 0.9953504 0.7246732 0.9874817 0.7246732 0.9874807 0.7481318 0.9874807 0.739108 0.9953492 0.739108 0.9986105 0.7012168 0.9986105 0.7079086 0.9907419 0.7079086 0.9953492 0.7481318 0.9953492 0.7548236 0.9874807 0.7548236 0.9799302 0.7369937 0.986622 0.7369937 0.986622 0.7448623 0.9642145 0.7369937 0.9709064 0.7369937 0.9709063 0.7448623 0.9986105 0.692193 0.9986105 0.7012168 0.9907419 0.7012168 0.9786244 0.619186 0.9767012 0.6119412 0.9957481 0.6010616 0.9767012 0.6119412 0.9714378 0.6066043 0.9825805 0.5877102 0.9714378 0.6066043 0.9642204 0.6045807 0.9645246 0.5826476 0.9642204 0.6337912 0.9714378 0.6317676 0.9825805 0.6506617 0.9825805 0.6506617 0.9714378 0.6317676 0.9767012 0.6264306 0.9767012 0.6264306 0.9786244 0.619186 1.00056 0.619186 0.9786244 0.619186 0.9767012 0.6119412 0.9957481 0.6010616 0.9957481 0.6010616 0.9767012 0.6119412 0.9714378 0.6066043 0.9714378 0.6066043 0.9642204 0.6045807 0.9645246 0.5826476 0.9642204 0.6337912 0.9714378 0.6317676 0.9825805 0.6506617 0.9825805 0.6506617 0.9714378 0.6317676 0.9767012 0.6264306 0.9957481 0.6373103 0.9767012 0.6264306 0.9786244 0.619186 1.00056 0.619186 0.9786244 0.619186 0.9767012 0.6119412 0.9767012 0.6119412 0.9714378 0.6066043 0.9825805 0.5877102 0.9825805 0.5877102 0.9714378 0.6066043 0.9642204 0.6045807 0.9645246 0.6557242 0.9642204 0.6337912 0.9714378 0.6317676 0.9825805 0.6506617 0.9714378 0.6317676 0.9767012 0.6264306 0.9767012 0.6264306 0.9786244 0.619186 1.00056 0.619186 0.9786244 0.619186 0.9767012 0.6119412 0.9957481 0.6010616 0.9957481 0.6010616 0.9767012 0.6119412 0.9714378 0.6066043 0.9714378 0.6066043 0.9642204 0.6045807 0.9645246 0.5826476 0.9642204 0.6337912 0.9714378 0.6317676 0.9825805 0.6506617 0.9714378 0.6317676 0.9767012 0.6264306 0.9957481 0.6373103 0.9767012 0.6264306 0.9786244 0.619186 1.00056 0.619186 1.00056 0.619186 0.9786244 0.619186 0.9767012 0.6119412 0.9767012 0.6119412 0.9714378 0.6066043 0.9825805 0.5877102 0.9714378 0.6066043 0.9642204 0.6045807 0.9645246 0.5826476 0.9642204 0.6337912 0.9714378 0.6317676 0.9825805 0.6506617 0.9714378 0.6317676 0.9767012 0.6264306 0.9957481 0.6373103 0.9957481 0.6373103 0.9767012 0.6264306 0.9786244 0.619186 0.9786244 0.619186 0.9767012 0.6119412 0.9957481 0.6010616 0.9767012 0.6119412 0.9714378 0.6066043 0.9825805 0.5877102 0.9825805 0.5877102 0.9714378 0.6066043 0.9642204 0.6045807 0.9645246 0.6557242 0.9642204 0.6337912 0.9714378 0.6317676 0.9825805 0.6506617 0.9714378 0.6317676 0.9767012 0.6264306 0.9767012 0.6264306 0.9786244 0.619186 1.00056 0.619186 1.00056 0.619186 0.9786244 0.619186 0.9767012 0.6119412 0.9767012 0.6119412 0.9714378 0.6066043 0.9825805 0.5877102 0.9825805 0.5877102 0.9714378 0.6066043 0.9642204 0.6045807 0.9642204 0.6337912 0.9714378 0.6317676 0.9825805 0.6506617 0.9825805 0.6506617 0.9714378 0.6317676 0.9767012 0.6264306 0.9767012 0.6264306 0.9786244 0.619186 1.00056 0.619186 1.00056 0.619186 0.9786244 0.619186 0.9767012 0.6119412 0.9767012 0.6119412 0.9714378 0.6066043 0.9825805 0.5877102 0.9825805 0.5877102 0.9714378 0.6066043 0.9642204 0.6045807 0.9645246 0.6557242 0.9642204 0.6337912 0.9714378 0.6317676 0.9714378 0.6317676 0.9767012 0.6264306 0.9957481 0.6373103 0.9957481 0.6373103 0.9767012 0.6264306 0.9786244 0.619186</float_array>
          <technique_common>
            <accessor source="#Realistic_Lowpoly_Rack-mesh-map-0-array" count="6468" stride="2">
              <param name="S" type="float"/>
              <param name="T" type="float"/>
            </accessor>
          </technique_common>
        </source>
        <vertices id="Realistic_Lowpoly_Rack-mesh-vertices">
          <input semantic="POSITION" source="#Realistic_Lowpoly_Rack-mesh-positions"/>
        </vertices>
        <triangles material="Intro_Realistic_Rack-material" count="2156">
          <input semantic="VERTEX" source="#Realistic_Lowpoly_Rack-mesh-vertices" offset="0"/>
          <input semantic="NORMAL" source="#Realistic_Lowpoly_Rack-mesh-normals" offset="1"/>
          <input semantic="TEXCOORD" source="#Realistic_Lowpoly_Rack-mesh-map-0" offset="2" set="0"/>
          <p>10 0 0 15 1 1 13 2 2 5 3 3 12 4 4 13 2 5 4 5 6 1 6 7 3 7 8 13 2 9 14 8 10 11 9 11 13 2 12 15 1 13 5 3 14 0 10 15 12 4 16 6 11 17 10 0 18 8 12 19 9 13 20 0 10 21 5 3 22 15 1 23 2 14 24 4 5 25 9 13 26 3 7 27 1 6 28 10 0 29 3 7 30 9 13 31 4 5 32 14 8 33 7 15 34 11 9 35 10 0 36 11 9 37 7 15 38 8 12 39 12 4 40 9 13 41 2 14 42 15 1 43 1 6 44 9 13 45 0 10 46 2 14 47 26 16 48 31 17 49 17 18 50 28 19 51 21 20 52 29 21 53 17 18 54 20 22 55 19 23 56 30 24 57 29 21 58 27 25 59 29 21 60 21 20 61 31 17 62 16 26 63 22 27 64 28 19 65 24 28 66 26 16 67 25 29 68 21 20 69 16 26 70 31 17 71 18 30 72 25 29 73 20 22 74 19 23 75 26 16 76 17 18 77 25 29 78 19 23 79 20 22 80 23 31 81 30 24 82 27 25 83 27 25 84 26 16 85 23 31 86 28 19 87 24 28 88 25 29 89 31 17 90 18 30 91 17 18 92 16 26 93 25 29 94 18 30 95 42 32 96 47 33 97 33 34 98 44 35 99 37 36 100 45 37 101 33 34 102 36 38 103 35 39 104 46 40 105 45 37 106 43 41 107 45 37 108 37 36 109 47 33 110 32 42 111 38 43 112 44 35 113 40 44 114 42 32 115 41 45 116 37 36 117 32 42 118 47 33 119 34 46 120 41 45 121 36 38 122 35 39 123 42 32 124 33 34 125 41 45 126 35 39 127 36 38 128 39 47 129 46 40 130 43 41 131 43 41 132 42 32 133 39 47 134 44 35 135 40 44 136 41 45 137 47 33 138 34 46 139 33 34 140 32 42 141 41 45 142 34 46 143 58 48 144 63 49 145 61 50 146 53 51 147 60 52 148 61 50 149 52 53 150 49 54 151 51 55 152 61 50 153 62 56 154 59 57 155 61 50 156 63 49 157 53 51 158 48 58 159 60 52 160 54 59 161 58 48 162 56 60 163 57 61 164 48 58 165 53 51 166 63 49 167 50 62 168 52 53 169 57 61 170 51 55 171 49 54 172 58 48 173 51 55 174 57 61 175 52 53 176 62 56 177 55 63 178 59 57 179 58 48 180 59 57 181 55 63 182 56 60 183 60 52 184 57 61 185 50 62 186 63 49 187 49 54 188 57 61 189 48 58 190 50 62 191 65 64 192 66 65 193 64 66 194 67 67 195 70 68 196 66 65 197 71 69 198 68 70 199 70 68 200 69 71 201 64 66 202 68 70 203 70 68 204 64 66 205 66 65 206 67 67 207 69 71 208 71 69 209 73 72 210 74 73 211 72 74 212 75 75 213 78 76 214 74 73 215 79 77 216 76 78 217 78 76 218 77 79 219 72 74 220 76 78 221 78 76 222 72 74 223 74 73 224 79 77 225 73 72 226 77 79 227 82 80 228 81 81 229 80 82 230 86 83 231 83 84 232 82 80 233 84 85 234 87 86 235 86 83 236 80 82 237 85 87 238 84 85 239 80 82 240 86 83 241 82 80 242 85 87 243 83 84 244 87 86 245 94 88 246 88 89 247 92 90 248 90 91 249 89 92 250 88 89 251 89 92 252 95 93 253 93 94 254 95 93 255 92 90 256 93 94 257 88 89 258 93 94 259 92 90 260 90 91 261 95 93 262 91 95 263 100 96 264 98 97 265 96 98 266 99 99 267 96 98 268 98 97 269 100 96 270 103 93 271 102 100 272 103 93 273 97 101 274 99 99 275 98 97 276 103 93 277 99 99 278 96 98 279 101 94 280 100 96 281 105 102 282 111 103 283 109 104 284 106 105 285 105 102 286 104 106 287 104 106 288 110 107 289 106 105 290 109 104 291 110 107 292 108 108 293 105 102 294 108 108 295 104 106 296 110 107 297 107 109 298 106 105 299 112 110 300 118 111 301 114 112 302 113 113 303 114 112 304 115 114 305 118 111 306 117 115 307 119 116 308 119 116 309 113 113 310 115 114 311 114 112 312 119 116 313 115 114 314 117 115 315 112 110 316 113 113 317 120 117 318 126 118 319 122 119 320 123 120 321 120 117 322 122 119 323 124 121 324 127 122 325 126 118 326 127 122 327 121 123 328 123 120 329 120 117 330 125 124 331 124 121 332 122 119 333 127 122 334 123 120 335 128 125 336 134 126 337 132 127 338 129 128 339 130 129 340 128 125 341 135 130 342 129 128 343 133 131 344 132 127 345 135 130 346 133 131 347 132 127 348 129 128 349 128 125 350 131 132 351 134 126 352 130 129 353 138 133 354 140 134 355 136 135 356 136 135 357 139 136 358 138 133 359 143 130 360 140 134 361 142 137 362 137 138 363 143 130 364 139 136 365 139 136 366 142 137 367 138 133 368 140 134 369 137 138 370 136 135 371 151 139 372 145 140 373 149 141 374 145 140 375 146 142 376 144 143 377 150 144 378 144 143 379 146 142 380 149 141 381 150 144 382 151 139 383 148 145 384 145 140 385 144 143 386 147 146 387 150 144 388 146 142 389 158 147 390 152 148 391 154 149 392 154 149 393 153 150 394 155 151 395 157 152 396 158 147 397 159 153 398 153 150 399 159 153 400 155 151 401 155 151 402 158 147 403 154 149 404 153 150 405 156 154 406 157 152 407 166 155 408 160 156 409 162 157 410 160 156 411 163 158 412 162 157 413 167 159 414 164 160 415 166 155 416 161 161 417 167 159 418 163 158 419 164 160 420 161 161 421 160 156 422 163 158 423 166 155 424 162 157 425 175 162 426 196 163 427 176 164 428 173 165 429 182 166 430 180 167 431 168 168 432 174 169 433 171 170 434 179 171 435 173 165 436 180 167 437 171 170 438 172 172 439 170 173 440 168 168 441 178 174 442 197 175 443 178 174 444 176 164 445 196 163 446 168 168 447 176 164 448 178 174 449 217 176 450 218 177 451 203 178 452 175 162 453 179 171 454 184 179 455 197 175 456 169 180 457 174 169 458 213 181 459 189 182 460 215 183 461 177 184 462 169 180 463 183 185 464 186 186 465 200 187 466 196 163 467 177 184 468 200 187 469 202 188 470 203 178 471 187 189 472 194 190 473 187 189 474 216 191 475 194 190 476 206 192 477 187 189 478 218 177 479 169 180 480 189 182 481 213 181 482 193 193 483 208 194 484 210 195 485 202 188 486 216 191 487 177 184 488 169 180 489 216 191 490 187 189 491 170 173 492 217 176 493 175 162 494 172 172 495 190 196 496 218 177 497 218 177 498 190 196 499 206 192 500 187 189 501 205 197 502 188 182 503 192 198 504 189 182 505 188 182 506 186 186 507 217 176 508 204 199 509 189 182 510 187 189 511 188 182 512 189 182 513 212 200 514 214 201 515 192 198 516 191 202 517 212 200 518 193 193 519 172 172 520 174 169 521 169 180 522 208 194 523 174 169 524 177 184 525 201 203 526 200 187 527 185 204 528 168 168 529 171 170 530 216 191 531 202 188 532 209 205 533 217 176 534 203 178 535 204 199 536 174 169 537 208 194 538 193 193 539 200 187 540 198 206 541 196 163 542 201 203 543 197 175 544 198 206 545 186 186 546 209 205 547 202 188 548 204 199 549 194 190 550 209 205 551 206 192 552 199 207 553 205 197 554 207 208 555 192 198 556 199 207 557 213 181 558 210 195 559 208 194 560 215 183 561 211 209 562 210 195 563 214 201 564 191 202 565 211 209 566 184 179 567 170 173 568 175 162 569 175 162 570 217 176 571 186 186 572 193 193 573 195 210 574 190 196 575 188 182 576 205 197 577 199 207 578 190 196 579 195 210 580 207 208 581 170 173 582 172 172 583 218 177 584 193 193 585 210 195 586 211 209 587 191 202 588 193 193 589 211 209 590 178 174 591 196 163 592 198 206 593 197 175 594 178 174 595 198 206 596 215 183 597 189 182 598 214 201 599 181 211 600 171 170 601 170 173 602 194 190 603 216 191 604 209 205 605 206 192 606 190 196 607 207 208 608 192 198 609 188 182 610 199 207 611 247 212 612 226 213 613 227 214 614 233 215 615 224 216 616 231 217 617 225 218 618 219 219 619 222 220 620 224 216 621 230 221 622 231 217 623 223 222 624 222 220 625 221 223 626 219 219 627 248 224 628 229 225 629 229 225 630 247 212 631 227 214 632 227 214 633 219 219 634 229 225 635 268 226 636 254 227 637 269 228 638 230 221 639 226 213 640 235 229 641 220 230 642 248 224 643 225 218 644 264 231 645 266 232 646 240 233 647 228 234 648 234 235 649 220 230 650 251 236 651 237 237 652 247 212 653 228 234 654 253 238 655 251 236 656 254 227 657 238 239 658 269 228 659 238 239 660 245 240 661 267 241 662 238 239 663 257 242 664 269 228 665 220 230 666 264 231 667 240 233 668 244 243 669 261 244 670 259 245 671 253 238 672 228 234 673 267 241 674 238 239 675 228 234 676 220 230 677 268 226 678 221 223 679 226 213 680 223 222 681 241 246 682 244 243 683 269 228 684 257 242 685 241 246 686 238 239 687 239 247 688 256 248 689 243 249 690 240 233 691 263 250 692 237 237 693 255 251 694 268 226 695 238 239 696 240 233 697 239 247 698 240 233 699 265 252 700 263 250 701 242 253 702 243 249 703 263 250 704 244 243 705 225 218 706 223 222 707 259 245 708 220 230 709 225 218 710 228 234 711 252 254 712 234 235 713 219 219 714 236 255 715 222 220 716 267 241 717 260 256 718 253 238 719 268 226 720 255 251 721 254 227 722 225 218 723 244 243 724 259 245 725 249 257 726 251 236 727 247 212 728 248 224 729 252 254 730 249 257 731 260 256 732 237 237 733 253 238 734 245 240 735 255 251 736 260 256 737 250 258 738 257 242 739 256 248 740 243 249 741 258 259 742 250 258 743 261 244 744 264 231 745 259 245 746 262 260 747 266 232 748 261 244 749 242 253 750 265 252 751 262 260 752 221 223 753 235 229 754 226 213 755 226 213 756 237 237 757 268 226 758 244 243 759 246 261 760 242 253 761 239 247 762 250 258 763 256 248 764 241 246 765 258 259 766 246 261 767 221 223 768 269 228 769 223 222 770 244 243 771 262 260 772 261 244 773 242 253 774 262 260 775 244 243 776 229 225 777 249 257 778 247 212 779 248 224 780 249 257 781 229 225 782 266 232 783 265 252 784 240 233 785 222 220 786 232 262 787 221 223 788 245 240 789 260 256 790 267 241 791 257 242 792 258 259 793 241 246 794 243 249 795 250 258 796 239 247 797 292 263 798 277 264 799 278 265 800 182 166 801 275 266 802 180 167 803 276 267 804 270 268 805 273 269 806 275 266 807 179 171 808 180 167 809 274 270 810 273 269 811 272 271 812 270 268 813 293 272 814 280 273 815 280 273 816 292 263 817 278 265 818 278 265 819 270 268 820 280 273 821 313 274 822 299 275 823 314 276 824 179 171 825 277 264 826 184 179 827 271 277 828 293 272 829 276 267 830 309 278 831 311 279 832 285 182 833 279 280 834 281 281 835 271 277 836 296 282 837 282 283 838 292 263 839 279 280 840 298 284 841 296 282 842 299 275 843 283 285 844 314 276 845 283 285 846 290 286 847 312 287 848 283 285 849 302 288 850 314 276 851 271 277 852 309 278 853 285 182 854 289 289 855 306 290 856 304 291 857 298 284 858 279 280 859 312 287 860 271 277 861 312 287 862 279 280 863 313 274 864 272 271 865 277 264 866 274 270 867 286 292 868 289 289 869 314 276 870 302 288 871 286 292 872 283 285 873 284 182 874 301 293 875 288 294 876 285 182 877 308 295 878 282 283 879 300 296 880 313 274 881 283 285 882 285 182 883 284 182 884 285 182 885 310 297 886 308 295 887 287 298 888 288 294 889 308 295 890 289 289 891 276 267 892 274 270 893 304 291 894 271 277 895 276 267 896 279 280 897 297 299 898 281 281 899 270 268 900 185 204 901 273 269 902 312 287 903 305 300 904 298 284 905 313 274 906 300 296 907 299 275 908 276 267 909 289 289 910 304 291 911 294 301 912 296 282 913 292 263 914 293 272 915 297 299 916 294 301 917 305 300 918 282 283 919 298 284 920 290 286 921 300 296 922 305 300 923 295 302 924 302 288 925 301 293 926 288 294 927 303 303 928 295 302 929 306 290 930 309 278 931 304 291 932 307 304 933 311 279 934 306 290 935 287 298 936 310 297 937 307 304 938 272 271 939 184 179 940 277 264 941 277 264 942 282 283 943 313 274 944 289 289 945 291 305 946 287 298 947 284 182 948 295 302 949 301 293 950 286 292 951 303 303 952 291 305 953 272 271 954 314 276 955 274 270 956 289 289 957 307 304 958 306 290 959 287 298 960 307 304 961 289 289 962 280 273 963 294 301 964 292 263 965 293 272 966 294 301 967 280 273 968 311 279 969 310 297 970 285 182 971 273 269 972 181 211 973 272 271 974 290 286 975 305 300 976 312 287 977 302 288 978 303 303 979 286 292 980 288 294 981 295 302 982 284 182 983 322 306 984 337 307 985 323 308 986 320 309 987 233 215 988 231 217 989 315 310 990 321 311 991 318 312 992 230 221 993 320 309 994 231 217 995 318 312 996 319 313 997 317 314 998 315 310 999 325 315 1000 338 316 1001 325 315 1002 323 308 1003 337 307 1004 315 310 1005 323 308 1006 325 315 1007 358 317 1008 359 318 1009 344 319 1010 322 306 1011 230 221 1012 235 229 1013 338 316 1014 316 320 1015 321 311 1016 354 321 1017 330 322 1018 356 323 1019 324 324 1020 316 320 1021 326 325 1022 327 326 1023 341 327 1024 337 307 1025 324 324 1026 341 327 1027 343 328 1028 344 319 1029 328 329 1030 335 330 1031 328 329 1032 357 331 1033 335 330 1034 347 332 1035 328 329 1036 359 318 1037 316 320 1038 330 322 1039 354 321 1040 334 333 1041 349 334 1042 351 335 1043 343 328 1044 357 331 1045 324 324 1046 324 324 1047 328 329 1048 316 320 1049 317 314 1050 358 317 1051 322 306 1052 319 313 1053 331 336 1054 359 318 1055 359 318 1056 331 336 1057 347 332 1058 328 329 1059 346 337 1060 329 338 1061 333 339 1062 330 322 1063 329 338 1064 327 326 1065 358 317 1066 345 340 1067 330 322 1068 328 329 1069 329 338 1070 330 322 1071 353 341 1072 355 342 1073 333 339 1074 332 343 1075 353 341 1076 334 333 1077 319 313 1078 321 311 1079 316 320 1080 349 334 1081 321 311 1082 324 324 1083 342 344 1084 341 327 1085 236 255 1086 315 310 1087 318 312 1088 357 331 1089 343 328 1090 350 345 1091 358 317 1092 344 319 1093 345 340 1094 321 311 1095 349 334 1096 334 333 1097 341 327 1098 339 346 1099 337 307 1100 342 344 1101 338 316 1102 339 346 1103 327 326 1104 350 345 1105 343 328 1106 345 340 1107 335 330 1108 350 345 1109 347 332 1110 340 347 1111 346 337 1112 348 348 1113 333 339 1114 340 347 1115 354 321 1116 351 335 1117 349 334 1118 356 323 1119 352 349 1120 351 335 1121 355 342 1122 332 343 1123 352 349 1124 235 229 1125 317 314 1126 322 306 1127 322 306 1128 358 317 1129 327 326 1130 334 333 1131 336 350 1132 331 336 1133 329 338 1134 346 337 1135 340 347 1136 331 336 1137 336 350 1138 348 348 1139 317 314 1140 319 313 1141 359 318 1142 334 333 1143 351 335 1144 352 349 1145 332 343 1146 334 333 1147 352 349 1148 325 315 1149 337 307 1150 339 346 1151 338 316 1152 325 315 1153 339 346 1154 356 323 1155 330 322 1156 355 342 1157 232 262 1158 318 312 1159 317 314 1160 335 330 1161 357 331 1162 350 345 1163 347 332 1164 331 336 1165 348 348 1166 333 339 1167 329 338 1168 340 347 1169 367 351 1170 388 352 1171 368 353 1172 365 354 1173 374 166 1174 372 167 1175 360 168 1176 366 355 1177 363 356 1178 371 357 1179 365 354 1180 372 167 1181 363 356 1182 364 358 1183 362 359 1184 360 168 1185 370 360 1186 389 361 1187 370 360 1188 368 353 1189 388 352 1190 360 168 1191 368 353 1192 370 360 1193 409 362 1194 410 363 1195 395 364 1196 367 351 1197 371 357 1198 376 365 1199 389 361 1200 361 366 1201 366 355 1202 405 367 1203 381 182 1204 407 368 1205 369 184 1206 361 366 1207 375 369 1208 378 370 1209 392 371 1210 388 352 1211 369 184 1212 392 371 1213 394 372 1214 395 364 1215 379 373 1216 386 374 1217 379 373 1218 408 375 1219 386 374 1220 398 376 1221 379 373 1222 410 363 1223 361 366 1224 381 182 1225 405 367 1226 385 377 1227 400 378 1228 402 379 1229 394 372 1230 408 375 1231 369 184 1232 361 366 1233 408 375 1234 379 373 1235 362 359 1236 409 362 1237 367 351 1238 364 358 1239 382 380 1240 410 363 1241 410 363 1242 382 380 1243 398 376 1244 379 373 1245 397 381 1246 380 182 1247 384 382 1248 381 182 1249 380 182 1250 378 370 1251 409 362 1252 396 383 1253 381 182 1254 379 373 1255 380 182 1256 381 182 1257 404 384 1258 406 385 1259 384 382 1260 383 386 1261 404 384 1262 385 377 1263 364 358 1264 366 355 1265 361 366 1266 400 378 1267 366 355 1268 369 184 1269 393 387 1270 392 371 1271 377 204 1272 360 168 1273 363 356 1274 408 375 1275 394 372 1276 401 388 1277 409 362 1278 395 364 1279 396 383 1280 366 355 1281 400 378 1282 385 377 1283 392 371 1284 390 389 1285 388 352 1286 393 387 1287 389 361 1288 390 389 1289 378 370 1290 401 388 1291 394 372 1292 396 383 1293 386 374 1294 401 388 1295 398 376 1296 391 390 1297 397 381 1298 399 391 1299 384 382 1300 391 390 1301 405 367 1302 402 379 1303 400 378 1304 407 368 1305 403 392 1306 402 379 1307 406 385 1308 383 386 1309 403 392 1310 376 365 1311 362 359 1312 367 351 1313 367 351 1314 409 362 1315 378 370 1316 385 377 1317 387 393 1318 382 380 1319 380 182 1320 397 381 1321 391 390 1322 382 380 1323 387 393 1324 399 391 1325 362 359 1326 364 358 1327 410 363 1328 385 377 1329 402 379 1330 403 392 1331 383 386 1332 385 377 1333 403 392 1334 370 360 1335 388 352 1336 390 389 1337 389 361 1338 370 360 1339 390 389 1340 407 368 1341 381 182 1342 406 385 1343 373 211 1344 363 356 1345 362 359 1346 386 374 1347 408 375 1348 401 388 1349 398 376 1350 382 380 1351 399 391 1352 384 382 1353 380 182 1354 391 390 1355 439 394 1356 418 395 1357 419 396 1358 425 215 1359 416 216 1360 423 217 1361 417 397 1362 411 219 1363 414 398 1364 416 216 1365 422 399 1366 423 217 1367 415 400 1368 414 398 1369 413 401 1370 411 219 1371 440 402 1372 421 403 1373 421 403 1374 439 394 1375 419 396 1376 419 396 1377 411 219 1378 421 403 1379 460 404 1380 446 405 1381 461 406 1382 422 399 1383 418 395 1384 427 407 1385 412 408 1386 440 402 1387 417 397 1388 456 409 1389 458 410 1390 432 411 1391 420 234 1392 426 412 1393 412 408 1394 443 413 1395 429 414 1396 439 394 1397 420 234 1398 445 415 1399 443 413 1400 446 405 1401 430 416 1402 461 406 1403 430 416 1404 437 417 1405 459 418 1406 430 416 1407 449 419 1408 461 406 1409 412 408 1410 456 409 1411 432 411 1412 436 420 1413 453 421 1414 451 422 1415 445 415 1416 420 234 1417 459 418 1418 430 416 1419 420 234 1420 412 408 1421 460 404 1422 413 401 1423 418 395 1424 415 400 1425 433 423 1426 436 420 1427 461 406 1428 449 419 1429 433 423 1430 430 416 1431 431 424 1432 448 425 1433 435 426 1434 432 411 1435 455 250 1436 429 414 1437 447 427 1438 460 404 1439 430 416 1440 432 411 1441 431 424 1442 432 411 1443 457 428 1444 455 250 1445 434 429 1446 435 426 1447 455 250 1448 436 420 1449 417 397 1450 415 400 1451 451 422 1452 412 408 1453 417 397 1454 420 234 1455 444 430 1456 426 412 1457 411 219 1458 428 255 1459 414 398 1460 459 418 1461 452 431 1462 445 415 1463 460 404 1464 447 427 1465 446 405 1466 417 397 1467 436 420 1468 451 422 1469 441 432 1470 443 413 1471 439 394 1472 440 402 1473 444 430 1474 441 432 1475 452 431 1476 429 414 1477 445 415 1478 437 417 1479 447 427 1480 452 431 1481 442 433 1482 449 419 1483 448 425 1484 435 426 1485 450 434 1486 442 433 1487 453 421 1488 456 409 1489 451 422 1490 454 435 1491 458 410 1492 453 421 1493 434 429 1494 457 428 1495 454 435 1496 413 401 1497 427 407 1498 418 395 1499 418 395 1500 429 414 1501 460 404 1502 436 420 1503 438 436 1504 434 429 1505 431 424 1506 442 433 1507 448 425 1508 433 423 1509 450 434 1510 438 436 1511 413 401 1512 461 406 1513 415 400 1514 436 420 1515 454 435 1516 453 421 1517 434 429 1518 454 435 1519 436 420 1520 421 403 1521 441 432 1522 439 394 1523 440 402 1524 441 432 1525 421 403 1526 458 410 1527 457 428 1528 432 411 1529 414 398 1530 424 262 1531 413 401 1532 437 417 1533 452 431 1534 459 418 1535 449 419 1536 450 434 1537 433 423 1538 435 426 1539 442 433 1540 431 424 1541 484 437 1542 469 438 1543 470 439 1544 374 166 1545 467 440 1546 372 167 1547 468 441 1548 462 268 1549 465 442 1550 467 440 1551 371 357 1552 372 167 1553 466 443 1554 465 442 1555 464 444 1556 462 268 1557 485 445 1558 472 446 1559 472 446 1560 484 437 1561 470 439 1562 470 439 1563 462 268 1564 472 446 1565 505 447 1566 491 448 1567 506 449 1568 371 357 1569 469 438 1570 376 365 1571 463 450 1572 485 445 1573 468 441 1574 501 451 1575 503 452 1576 477 182 1577 471 280 1578 473 281 1579 463 450 1580 488 453 1581 474 454 1582 484 437 1583 471 280 1584 490 455 1585 488 453 1586 491 448 1587 475 456 1588 506 449 1589 475 456 1590 482 457 1591 504 458 1592 475 456 1593 494 459 1594 506 449 1595 463 450 1596 501 451 1597 477 182 1598 481 460 1599 498 461 1600 496 462 1601 490 455 1602 471 280 1603 504 458 1604 463 450 1605 504 458 1606 471 280 1607 505 447 1608 464 444 1609 469 438 1610 466 443 1611 478 463 1612 481 460 1613 506 449 1614 494 459 1615 478 463 1616 475 456 1617 476 182 1618 493 464 1619 480 465 1620 477 182 1621 500 466 1622 474 454 1623 492 467 1624 505 447 1625 475 456 1626 477 182 1627 476 182 1628 477 182 1629 502 468 1630 500 466 1631 479 469 1632 480 465 1633 500 466 1634 481 460 1635 468 441 1636 466 443 1637 496 462 1638 463 450 1639 468 441 1640 471 280 1641 489 470 1642 473 281 1643 462 268 1644 377 204 1645 465 442 1646 504 458 1647 497 471 1648 490 455 1649 505 447 1650 492 467 1651 491 448 1652 468 441 1653 481 460 1654 496 462 1655 486 472 1656 488 453 1657 484 437 1658 485 445 1659 489 470 1660 486 472 1661 497 471 1662 474 454 1663 490 455 1664 482 457 1665 492 467 1666 497 471 1667 487 473 1668 494 459 1669 493 464 1670 480 465 1671 495 474 1672 487 473 1673 498 461 1674 501 451 1675 496 462 1676 499 475 1677 503 452 1678 498 461 1679 479 469 1680 502 468 1681 499 475 1682 464 444 1683 376 365 1684 469 438 1685 469 438 1686 474 454 1687 505 447 1688 481 460 1689 483 476 1690 479 469 1691 476 182 1692 487 473 1693 493 464 1694 478 463 1695 495 474 1696 483 476 1697 464 444 1698 506 449 1699 466 443 1700 481 460 1701 499 475 1702 498 461 1703 479 469 1704 499 475 1705 481 460 1706 472 446 1707 486 472 1708 484 437 1709 485 445 1710 486 472 1711 472 446 1712 503 452 1713 502 468 1714 477 182 1715 465 442 1716 373 211 1717 464 444 1718 482 457 1719 497 471 1720 504 458 1721 494 459 1722 495 474 1723 478 463 1724 480 465 1725 487 473 1726 476 182 1727 514 477 1728 529 478 1729 515 479 1730 512 309 1731 425 215 1732 423 217 1733 507 480 1734 513 481 1735 510 482 1736 422 399 1737 512 309 1738 423 217 1739 510 482 1740 511 313 1741 509 483 1742 507 480 1743 517 315 1744 530 484 1745 517 315 1746 515 479 1747 529 478 1748 507 480 1749 515 479 1750 517 315 1751 550 485 1752 551 486 1753 536 487 1754 514 477 1755 422 399 1756 427 407 1757 530 484 1758 508 488 1759 513 481 1760 546 489 1761 522 490 1762 548 491 1763 516 324 1764 508 488 1765 518 325 1766 519 492 1767 533 493 1768 529 478 1769 516 324 1770 533 493 1771 535 494 1772 536 487 1773 520 495 1774 527 496 1775 520 495 1776 549 497 1777 527 496 1778 539 498 1779 520 495 1780 551 486 1781 508 488 1782 522 490 1783 546 489 1784 526 499 1785 541 500 1786 543 501 1787 535 494 1788 549 497 1789 516 324 1790 516 324 1791 520 495 1792 508 488 1793 509 483 1794 550 485 1795 514 477 1796 511 313 1797 523 502 1798 551 486 1799 551 486 1800 523 502 1801 539 498 1802 520 495 1803 538 503 1804 521 504 1805 525 505 1806 522 490 1807 521 504 1808 519 492 1809 550 485 1810 537 506 1811 522 490 1812 520 495 1813 521 504 1814 522 490 1815 545 341 1816 547 507 1817 525 505 1818 524 508 1819 545 341 1820 526 499 1821 511 313 1822 513 481 1823 508 488 1824 541 500 1825 513 481 1826 516 324 1827 534 509 1828 533 493 1829 428 255 1830 507 480 1831 510 482 1832 549 497 1833 535 494 1834 542 510 1835 550 485 1836 536 487 1837 537 506 1838 513 481 1839 541 500 1840 526 499 1841 533 493 1842 531 511 1843 529 478 1844 534 509 1845 530 484 1846 531 511 1847 519 492 1848 542 510 1849 535 494 1850 537 506 1851 527 496 1852 542 510 1853 539 498 1854 532 512 1855 538 503 1856 540 513 1857 525 505 1858 532 512 1859 546 489 1860 543 501 1861 541 500 1862 548 491 1863 544 514 1864 543 501 1865 547 507 1866 524 508 1867 544 514 1868 427 407 1869 509 483 1870 514 477 1871 514 477 1872 550 485 1873 519 492 1874 526 499 1875 528 515 1876 523 502 1877 521 504 1878 538 503 1879 532 512 1880 523 502 1881 528 515 1882 540 513 1883 509 483 1884 511 313 1885 551 486 1886 526 499 1887 543 501 1888 544 514 1889 524 508 1890 526 499 1891 544 514 1892 517 315 1893 529 478 1894 531 511 1895 530 484 1896 517 315 1897 531 511 1898 548 491 1899 522 490 1900 547 507 1901 424 262 1902 510 482 1903 509 483 1904 527 496 1905 549 497 1906 542 510 1907 539 498 1908 523 502 1909 540 513 1910 525 505 1911 521 504 1912 532 512 1913 559 516 1914 580 517 1915 560 518 1916 557 165 1917 566 166 1918 564 167 1919 552 168 1920 558 519 1921 555 520 1922 563 171 1923 557 165 1924 564 167 1925 555 520 1926 556 521 1927 554 359 1928 552 168 1929 562 522 1930 581 523 1931 562 522 1932 560 518 1933 580 517 1934 552 168 1935 560 518 1936 562 522 1937 601 524 1938 602 525 1939 587 526 1940 559 516 1941 563 171 1942 568 179 1943 581 523 1944 553 527 1945 558 519 1946 597 528 1947 573 529 1948 599 530 1949 561 531 1950 553 527 1951 567 532 1952 570 533 1953 584 534 1954 580 517 1955 561 531 1956 584 534 1957 586 535 1958 587 526 1959 571 536 1960 578 537 1961 571 536 1962 600 538 1963 578 537 1964 590 539 1965 571 536 1966 602 525 1967 553 527 1968 573 529 1969 597 528 1970 577 540 1971 592 541 1972 594 542 1973 586 535 1974 600 538 1975 561 531 1976 553 527 1977 600 538 1978 571 536 1979 554 359 1980 601 524 1981 559 516 1982 556 521 1983 574 543 1984 602 525 1985 602 525 1986 574 543 1987 590 539 1988 571 536 1989 589 544 1990 572 545 1991 576 546 1992 573 529 1993 572 545 1994 570 533 1995 601 524 1996 588 547 1997 573 529 1998 571 536 1999 572 545 2000 573 529 2001 596 200 2002 598 548 2003 576 546 2004 575 549 2005 596 200 2006 577 540 2007 556 521 2008 558 519 2009 553 527 2010 592 541 2011 558 519 2012 561 531 2013 585 550 2014 584 534 2015 569 204 2016 552 168 2017 555 520 2018 600 538 2019 586 535 2020 593 551 2021 601 524 2022 587 526 2023 588 547 2024 558 519 2025 592 541 2026 577 540 2027 584 534 2028 582 552 2029 580 517 2030 585 550 2031 581 523 2032 582 552 2033 570 533 2034 593 551 2035 586 535 2036 588 547 2037 578 537 2038 593 551 2039 590 539 2040 583 553 2041 589 544 2042 591 554 2043 576 546 2044 583 553 2045 597 528 2046 594 542 2047 592 541 2048 599 530 2049 595 555 2050 594 542 2051 598 548 2052 575 549 2053 595 555 2054 568 179 2055 554 359 2056 559 516 2057 559 516 2058 601 524 2059 570 533 2060 577 540 2061 579 556 2062 574 543 2063 572 545 2064 589 544 2065 583 553 2066 574 543 2067 579 556 2068 591 554 2069 554 359 2070 556 521 2071 602 525 2072 577 540 2073 594 542 2074 595 555 2075 575 549 2076 577 540 2077 595 555 2078 562 522 2079 580 517 2080 582 552 2081 581 523 2082 562 522 2083 582 552 2084 599 530 2085 573 529 2086 598 548 2087 565 211 2088 555 520 2089 554 359 2090 578 537 2091 600 538 2092 593 551 2093 590 539 2094 574 543 2095 591 554 2096 576 546 2097 572 545 2098 583 553 2099 631 557 2100 610 213 2101 611 558 2102 617 215 2103 608 216 2104 615 217 2105 609 559 2106 603 560 2107 606 398 2108 608 216 2109 614 221 2110 615 217 2111 607 561 2112 606 398 2113 605 562 2114 603 560 2115 632 563 2116 613 564 2117 613 564 2118 631 557 2119 611 558 2120 611 558 2121 603 560 2122 613 564 2123 652 565 2124 638 566 2125 653 567 2126 614 221 2127 610 213 2128 619 229 2129 604 568 2130 632 563 2131 609 559 2132 648 569 2133 650 570 2134 624 571 2135 612 572 2136 618 573 2137 604 568 2138 635 574 2139 621 575 2140 631 557 2141 612 572 2142 637 576 2143 635 574 2144 638 566 2145 622 577 2146 653 567 2147 622 577 2148 629 578 2149 651 579 2150 622 577 2151 641 580 2152 653 567 2153 604 568 2154 648 569 2155 624 571 2156 628 581 2157 645 582 2158 643 583 2159 637 576 2160 612 572 2161 651 579 2162 622 577 2163 612 572 2164 604 568 2165 652 565 2166 605 562 2167 610 213 2168 607 561 2169 625 584 2170 628 581 2171 653 567 2172 641 580 2173 625 584 2174 622 577 2175 623 585 2176 640 586 2177 627 587 2178 624 571 2179 647 250 2180 621 575 2181 639 588 2182 652 565 2183 622 577 2184 624 571 2185 623 585 2186 624 571 2187 649 589 2188 647 250 2189 626 590 2190 627 587 2191 647 250 2192 628 581 2193 609 559 2194 607 561 2195 643 583 2196 604 568 2197 609 559 2198 612 572 2199 636 591 2200 618 573 2201 603 560 2202 620 255 2203 606 398 2204 651 579 2205 644 592 2206 637 576 2207 652 565 2208 639 588 2209 638 566 2210 609 559 2211 628 581 2212 643 583 2213 633 593 2214 635 574 2215 631 557 2216 632 563 2217 636 591 2218 633 593 2219 644 592 2220 621 575 2221 637 576 2222 629 578 2223 639 588 2224 644 592 2225 634 594 2226 641 580 2227 640 586 2228 627 587 2229 642 595 2230 634 594 2231 645 582 2232 648 569 2233 643 583 2234 646 596 2235 650 570 2236 645 582 2237 626 590 2238 649 589 2239 646 596 2240 605 562 2241 619 229 2242 610 213 2243 610 213 2244 621 575 2245 652 565 2246 628 581 2247 630 597 2248 626 590 2249 623 585 2250 634 594 2251 640 586 2252 625 584 2253 642 595 2254 630 597 2255 605 562 2256 653 567 2257 607 561 2258 628 581 2259 646 596 2260 645 582 2261 626 590 2262 646 596 2263 628 581 2264 613 564 2265 633 593 2266 631 557 2267 632 563 2268 633 593 2269 613 564 2270 650 570 2271 649 589 2272 624 571 2273 606 398 2274 616 262 2275 605 562 2276 629 578 2277 644 592 2278 651 579 2279 641 580 2280 642 595 2281 625 584 2282 627 587 2283 634 594 2284 623 585 2285 676 598 2286 661 599 2287 662 600 2288 566 166 2289 659 266 2290 564 167 2291 660 601 2292 654 268 2293 657 602 2294 659 266 2295 563 171 2296 564 167 2297 658 603 2298 657 602 2299 656 444 2300 654 268 2301 677 604 2302 664 605 2303 664 605 2304 676 598 2305 662 600 2306 662 600 2307 654 268 2308 664 605 2309 697 606 2310 683 607 2311 698 608 2312 563 171 2313 661 599 2314 568 179 2315 655 609 2316 677 604 2317 660 601 2318 693 610 2319 695 611 2320 669 612 2321 663 613 2322 665 614 2323 655 609 2324 680 615 2325 666 616 2326 676 598 2327 663 613 2328 682 617 2329 680 615 2330 683 607 2331 667 618 2332 698 608 2333 667 618 2334 674 619 2335 696 620 2336 667 618 2337 686 621 2338 698 608 2339 655 609 2340 693 610 2341 669 612 2342 673 622 2343 690 623 2344 688 624 2345 682 617 2346 663 613 2347 696 620 2348 655 609 2349 696 620 2350 663 613 2351 697 606 2352 656 444 2353 661 599 2354 658 603 2355 670 625 2356 673 622 2357 698 608 2358 686 621 2359 670 625 2360 667 618 2361 668 626 2362 685 627 2363 672 628 2364 669 612 2365 692 295 2366 666 616 2367 684 629 2368 697 606 2369 667 618 2370 669 612 2371 668 626 2372 669 612 2373 694 630 2374 692 295 2375 671 631 2376 672 628 2377 692 295 2378 673 622 2379 660 601 2380 658 603 2381 688 624 2382 655 609 2383 660 601 2384 663 613 2385 681 632 2386 665 614 2387 654 268 2388 569 204 2389 657 602 2390 696 620 2391 689 633 2392 682 617 2393 697 606 2394 684 629 2395 683 607 2396 660 601 2397 673 622 2398 688 624 2399 678 634 2400 680 615 2401 676 598 2402 677 604 2403 681 632 2404 678 634 2405 689 633 2406 666 616 2407 682 617 2408 674 619 2409 684 629 2410 689 633 2411 679 635 2412 686 621 2413 685 627 2414 672 628 2415 687 636 2416 679 635 2417 690 623 2418 693 610 2419 688 624 2420 691 637 2421 695 611 2422 690 623 2423 671 631 2424 694 630 2425 691 637 2426 656 444 2427 568 179 2428 661 599 2429 661 599 2430 666 616 2431 697 606 2432 673 622 2433 675 638 2434 671 631 2435 668 626 2436 679 635 2437 685 627 2438 670 625 2439 687 636 2440 675 638 2441 656 444 2442 698 608 2443 658 603 2444 673 622 2445 691 637 2446 690 623 2447 671 631 2448 691 637 2449 673 622 2450 664 605 2451 678 634 2452 676 598 2453 677 604 2454 678 634 2455 664 605 2456 695 611 2457 694 630 2458 669 612 2459 657 602 2460 565 211 2461 656 444 2462 674 619 2463 689 633 2464 696 620 2465 686 621 2466 687 636 2467 670 625 2468 672 628 2469 679 635 2470 668 626 2471 706 639 2472 721 640 2473 707 479 2474 704 309 2475 617 215 2476 615 217 2477 699 480 2478 705 641 2479 702 482 2480 614 221 2481 704 309 2482 615 217 2483 702 482 2484 703 642 2485 701 643 2486 699 480 2487 709 644 2488 722 645 2489 709 644 2490 707 479 2491 721 640 2492 699 480 2493 707 479 2494 709 644 2495 742 646 2496 743 647 2497 728 648 2498 706 639 2499 614 221 2500 619 229 2501 722 645 2502 700 649 2503 705 641 2504 738 650 2505 714 651 2506 740 652 2507 708 653 2508 700 649 2509 710 654 2510 711 655 2511 725 656 2512 721 640 2513 708 653 2514 725 656 2515 727 657 2516 728 648 2517 712 658 2518 719 659 2519 712 658 2520 741 660 2521 719 659 2522 731 661 2523 712 658 2524 743 647 2525 700 649 2526 714 651 2527 738 650 2528 718 662 2529 733 663 2530 735 664 2531 727 657 2532 741 660 2533 708 653 2534 708 653 2535 712 658 2536 700 649 2537 701 643 2538 742 646 2539 706 639 2540 703 642 2541 715 665 2542 743 647 2543 743 647 2544 715 665 2545 731 661 2546 712 658 2547 730 666 2548 713 667 2549 717 668 2550 714 651 2551 713 667 2552 711 655 2553 742 646 2554 729 669 2555 714 651 2556 712 658 2557 713 667 2558 714 651 2559 737 341 2560 739 670 2561 717 668 2562 716 671 2563 737 341 2564 718 662 2565 703 642 2566 705 641 2567 700 649 2568 733 663 2569 705 641 2570 708 653 2571 726 672 2572 725 656 2573 620 255 2574 699 480 2575 702 482 2576 741 660 2577 727 657 2578 734 673 2579 742 646 2580 728 648 2581 729 669 2582 705 641 2583 733 663 2584 718 662 2585 725 656 2586 723 674 2587 721 640 2588 726 672 2589 722 645 2590 723 674 2591 711 655 2592 734 673 2593 727 657 2594 729 669 2595 719 659 2596 734 673 2597 731 661 2598 724 675 2599 730 666 2600 732 676 2601 717 668 2602 724 675 2603 738 650 2604 735 664 2605 733 663 2606 740 652 2607 736 677 2608 735 664 2609 739 670 2610 716 671 2611 736 677 2612 619 229 2613 701 643 2614 706 639 2615 706 639 2616 742 646 2617 711 655 2618 718 662 2619 720 678 2620 715 665 2621 713 667 2622 730 666 2623 724 675 2624 715 665 2625 720 678 2626 732 676 2627 701 643 2628 703 642 2629 743 647 2630 718 662 2631 735 664 2632 736 677 2633 716 671 2634 718 662 2635 736 677 2636 709 644 2637 721 640 2638 723 674 2639 722 645 2640 709 644 2641 723 674 2642 740 652 2643 714 651 2644 739 670 2645 616 262 2646 702 482 2647 701 643 2648 719 659 2649 741 660 2650 734 673 2651 731 661 2652 715 665 2653 732 676 2654 717 668 2655 713 667 2656 724 675 2657 750 679 2658 745 680 2659 751 681 2660 751 681 2661 746 682 2662 752 683 2663 746 682 2664 753 684 2665 752 683 2666 753 684 2667 748 685 2668 754 686 2669 747 687 2670 746 682 2671 744 688 2672 754 686 2673 749 689 2674 755 690 2675 749 689 2676 750 679 2677 755 690 2678 746 682 2679 745 680 2680 744 688 2681 744 688 2682 749 689 2683 748 685 2684 748 685 2685 747 687 2686 744 688 2687 760 691 2688 761 692 2689 759 693 2690 762 694 2691 770 695 2692 769 696 2693 756 697 2694 766 698 2695 765 699 2696 758 700 2697 768 701 2698 767 702 2699 757 703 2700 765 699 2701 764 704 2702 767 702 2703 759 693 2704 758 700 2705 769 696 2706 763 705 2707 762 694 2708 771 706 2709 761 692 2710 760 691 2711 760 691 2712 764 704 2713 771 706 2714 761 692 2715 762 694 2716 763 705 2717 763 705 2718 758 700 2719 761 692 2720 758 700 2721 759 693 2722 761 692 2723 759 693 2724 756 697 2725 757 703 2726 757 703 2727 760 691 2728 759 693 2729 772 707 2730 779 708 2731 778 709 2732 773 710 2733 780 711 2734 779 708 2735 774 712 2736 781 713 2737 780 711 2738 775 714 2739 782 715 2740 781 713 2741 775 714 2742 774 712 2743 772 707 2744 776 716 2745 783 717 2746 782 715 2747 783 717 2748 772 707 2749 778 709 2750 774 712 2751 773 710 2752 772 707 2753 772 707 2754 777 718 2755 776 716 2756 776 716 2757 775 714 2758 772 707 2759 788 719 2760 789 720 2761 787 721 2762 790 722 2763 798 723 2764 797 724 2765 784 725 2766 794 726 2767 793 727 2768 786 728 2769 796 729 2770 795 730 2771 785 731 2772 793 727 2773 792 732 2774 795 730 2775 787 721 2776 786 728 2777 797 724 2778 791 733 2779 790 722 2780 799 734 2781 789 720 2782 788 719 2783 788 719 2784 792 732 2785 799 734 2786 789 720 2787 790 722 2788 791 733 2789 791 733 2790 786 728 2791 789 720 2792 786 728 2793 787 721 2794 789 720 2795 787 721 2796 784 725 2797 785 731 2798 785 731 2799 788 719 2800 787 721 2801 804 735 2802 805 736 2803 803 737 2804 806 738 2805 814 739 2806 813 740 2807 800 741 2808 810 742 2809 809 743 2810 802 744 2811 812 745 2812 811 746 2813 801 747 2814 809 743 2815 808 748 2816 811 746 2817 803 737 2818 802 744 2819 813 740 2820 807 749 2821 806 738 2822 815 750 2823 805 736 2824 804 735 2825 804 735 2826 808 748 2827 815 750 2828 805 736 2829 806 738 2830 807 749 2831 807 749 2832 802 744 2833 805 736 2834 802 744 2835 803 737 2836 805 736 2837 803 737 2838 800 741 2839 801 747 2840 801 747 2841 804 735 2842 803 737 2843 820 751 2844 821 752 2845 819 753 2846 822 754 2847 830 755 2848 829 756 2849 816 757 2850 826 758 2851 825 759 2852 818 760 2853 828 761 2854 827 762 2855 817 763 2856 825 759 2857 824 764 2858 827 762 2859 819 753 2860 818 760 2861 829 756 2862 823 765 2863 822 754 2864 831 766 2865 821 752 2866 820 751 2867 820 751 2868 824 764 2869 831 766 2870 821 752 2871 822 754 2872 823 765 2873 823 765 2874 818 760 2875 821 752 2876 818 760 2877 819 753 2878 821 752 2879 819 753 2880 816 757 2881 817 763 2882 817 763 2883 820 751 2884 819 753 2885 836 767 2886 837 768 2887 835 769 2888 838 770 2889 846 771 2890 845 772 2891 832 773 2892 842 774 2893 841 775 2894 834 776 2895 844 777 2896 843 778 2897 833 779 2898 841 775 2899 840 780 2900 843 778 2901 835 769 2902 834 776 2903 845 772 2904 839 781 2905 838 770 2906 847 782 2907 837 768 2908 836 767 2909 836 767 2910 840 780 2911 847 782 2912 837 768 2913 838 770 2914 839 781 2915 839 781 2916 834 776 2917 837 768 2918 834 776 2919 835 769 2920 837 768 2921 835 769 2922 832 773 2923 833 779 2924 833 779 2925 836 767 2926 835 769 2927 852 783 2928 853 784 2929 851 785 2930 854 786 2931 862 787 2932 861 788 2933 848 789 2934 858 790 2935 857 791 2936 850 792 2937 860 793 2938 859 794 2939 849 795 2940 857 791 2941 856 796 2942 859 794 2943 851 785 2944 850 792 2945 861 788 2946 855 797 2947 854 786 2948 863 798 2949 853 784 2950 852 783 2951 852 783 2952 856 796 2953 863 798 2954 853 784 2955 854 786 2956 855 797 2957 855 797 2958 850 792 2959 853 784 2960 850 792 2961 851 785 2962 853 784 2963 851 785 2964 848 789 2965 849 795 2966 849 795 2967 852 783 2968 851 785 2969 868 799 2970 869 800 2971 867 801 2972 870 802 2973 878 803 2974 877 804 2975 864 805 2976 874 806 2977 873 807 2978 866 808 2979 876 809 2980 875 810 2981 865 811 2982 873 807 2983 872 812 2984 875 810 2985 867 801 2986 866 808 2987 877 804 2988 871 813 2989 870 802 2990 879 814 2991 869 800 2992 868 799 2993 868 799 2994 872 812 2995 879 814 2996 869 800 2997 870 802 2998 871 813 2999 871 813 3000 866 808 3001 869 800 3002 866 808 3003 867 801 3004 869 800 3005 867 801 3006 864 805 3007 865 811 3008 865 811 3009 868 799 3010 867 801 3011 884 815 3012 885 816 3013 883 817 3014 886 818 3015 894 819 3016 893 820 3017 880 821 3018 890 822 3019 889 823 3020 882 824 3021 892 825 3022 891 826 3023 881 827 3024 889 823 3025 888 828 3026 891 826 3027 883 817 3028 882 824 3029 893 820 3030 887 829 3031 886 818 3032 895 830 3033 885 816 3034 884 815 3035 884 815 3036 888 828 3037 895 830 3038 885 816 3039 886 818 3040 887 829 3041 887 829 3042 882 824 3043 885 816 3044 882 824 3045 883 817 3046 885 816 3047 883 817 3048 880 821 3049 881 827 3050 881 827 3051 884 815 3052 883 817 3053 900 831 3054 901 832 3055 899 833 3056 902 834 3057 910 835 3058 909 836 3059 896 837 3060 906 838 3061 905 839 3062 898 840 3063 908 841 3064 907 842 3065 897 843 3066 905 839 3067 904 844 3068 907 842 3069 899 833 3070 898 840 3071 909 836 3072 903 845 3073 902 834 3074 911 846 3075 901 832 3076 900 831 3077 900 831 3078 904 844 3079 911 846 3080 901 832 3081 902 834 3082 903 845 3083 903 845 3084 898 840 3085 901 832 3086 898 840 3087 899 833 3088 901 832 3089 899 833 3090 896 837 3091 897 843 3092 897 843 3093 900 831 3094 899 833 3095 916 847 3096 917 848 3097 915 849 3098 918 850 3099 926 851 3100 925 852 3101 912 853 3102 922 854 3103 921 855 3104 914 856 3105 924 857 3106 923 858 3107 913 859 3108 921 855 3109 920 860 3110 923 858 3111 915 849 3112 914 856 3113 925 852 3114 919 861 3115 918 850 3116 927 862 3117 917 848 3118 916 847 3119 916 847 3120 920 860 3121 927 862 3122 917 848 3123 918 850 3124 919 861 3125 919 861 3126 914 856 3127 917 848 3128 914 856 3129 915 849 3130 917 848 3131 915 849 3132 912 853 3133 913 859 3134 913 859 3135 916 847 3136 915 849 3137 928 863 3138 935 864 3139 934 865 3140 929 866 3141 936 867 3142 935 864 3143 930 868 3144 937 869 3145 936 867 3146 937 869 3147 932 870 3148 938 871 3149 931 872 3150 930 868 3151 928 863 3152 938 871 3153 933 873 3154 939 874 3155 933 873 3156 934 865 3157 939 874 3158 930 868 3159 929 866 3160 928 863 3161 928 863 3162 933 873 3163 932 870 3164 932 870 3165 931 872 3166 928 863 3167 946 875 3168 941 876 3169 947 877 3170 941 876 3171 948 878 3172 947 877 3173 948 878 3174 943 879 3175 949 880 3176 943 879 3177 950 881 3178 949 880 3179 943 879 3180 942 882 3181 940 883 3182 950 881 3183 945 884 3184 951 885 3185 951 885 3186 940 883 3187 946 875 3188 942 882 3189 941 876 3190 940 883 3191 940 883 3192 945 884 3193 944 886 3194 944 886 3195 943 879 3196 940 883 3197 958 887 3198 953 888 3199 959 889 3200 959 889 3201 954 890 3202 960 891 3203 960 891 3204 955 892 3205 961 893 3206 955 892 3207 962 894 3208 961 893 3209 955 892 3210 954 890 3211 952 895 3212 962 894 3213 957 896 3214 963 897 3215 963 897 3216 952 895 3217 958 887 3218 954 890 3219 953 888 3220 952 895 3221 952 895 3222 957 896 3223 956 898 3224 956 898 3225 955 892 3226 952 895 3227 970 899 3228 965 900 3229 971 901 3230 965 900 3231 972 902 3232 971 901 3233 972 902 3234 967 903 3235 973 904 3236 967 903 3237 974 905 3238 973 904 3239 967 903 3240 966 906 3241 964 907 3242 968 908 3243 975 909 3244 974 905 3245 975 909 3246 964 907 3247 970 899 3248 966 906 3249 965 900 3250 964 907 3251 964 907 3252 969 910 3253 968 908 3254 968 908 3255 967 903 3256 964 907 3257 982 911 3258 977 912 3259 983 913 3260 983 913 3261 978 914 3262 984 915 3263 984 915 3264 979 916 3265 985 917 3266 979 916 3267 986 918 3268 985 917 3269 979 916 3270 978 914 3271 976 919 3272 980 920 3273 987 921 3274 986 918 3275 981 922 3276 982 911 3277 987 921 3278 978 914 3279 977 912 3280 976 919 3281 976 919 3282 981 922 3283 980 920 3284 980 920 3285 979 916 3286 976 919 3287 988 923 3288 995 924 3289 994 925 3290 989 926 3291 996 927 3292 995 924 3293 990 928 3294 997 929 3295 996 927 3296 991 930 3297 998 931 3298 997 929 3299 991 930 3300 990 928 3301 988 923 3302 998 931 3303 993 932 3304 999 933 3305 999 933 3306 988 923 3307 994 925 3308 990 928 3309 989 926 3310 988 923 3311 988 923 3312 993 932 3313 992 934 3314 992 934 3315 991 930 3316 988 923 3317 1006 935 3318 1001 936 3319 1007 937 3320 1001 936 3321 1008 938 3322 1007 937 3323 1008 938 3324 1003 939 3325 1009 940 3326 1003 939 3327 1010 941 3328 1009 940 3329 1003 939 3330 1002 942 3331 1000 943 3332 1010 941 3333 1005 944 3334 1011 945 3335 1011 945 3336 1000 943 3337 1006 935 3338 1002 942 3339 1001 936 3340 1000 943 3341 1000 943 3342 1005 944 3343 1004 946 3344 1004 946 3345 1003 939 3346 1000 943 3347 1012 947 3348 1019 948 3349 1018 949 3350 1013 950 3351 1020 951 3352 1019 948 3353 1014 952 3354 1021 953 3355 1020 951 3356 1021 953 3357 1016 954 3358 1022 955 3359 1015 956 3360 1014 952 3361 1012 947 3362 1016 954 3363 1023 957 3364 1022 955 3365 1023 957 3366 1012 947 3367 1018 949 3368 1014 952 3369 1013 950 3370 1012 947 3371 1012 947 3372 1017 958 3373 1016 954 3374 1016 954 3375 1015 956 3376 1012 947 3377 1024 959 3378 1031 960 3379 1030 961 3380 1025 962 3381 1032 963 3382 1031 960 3383 1032 963 3384 1027 964 3385 1033 965 3386 1027 964 3387 1034 966 3388 1033 965 3389 1027 964 3390 1026 967 3391 1024 959 3392 1028 968 3393 1035 969 3394 1034 966 3395 1035 969 3396 1024 959 3397 1030 961 3398 1026 967 3399 1025 962 3400 1024 959 3401 1024 959 3402 1029 970 3403 1028 968 3404 1028 968 3405 1027 964 3406 1024 959 3407 1040 971 3408 1041 972 3409 1039 973 3410 1042 974 3411 1050 975 3412 1049 976 3413 1036 977 3414 1046 978 3415 1045 979 3416 1038 980 3417 1048 981 3418 1047 982 3419 1037 983 3420 1045 979 3421 1044 984 3422 1047 982 3423 1039 973 3424 1038 980 3425 1049 976 3426 1043 985 3427 1042 974 3428 1051 986 3429 1041 972 3430 1040 971 3431 1040 971 3432 1044 984 3433 1051 986 3434 1041 972 3435 1042 974 3436 1043 985 3437 1043 985 3438 1038 980 3439 1041 972 3440 1038 980 3441 1039 973 3442 1041 972 3443 1039 973 3444 1036 977 3445 1037 983 3446 1037 983 3447 1040 971 3448 1039 973 3449 1052 987 3450 1059 988 3451 1058 989 3452 1059 988 3453 1054 990 3454 1060 991 3455 1054 990 3456 1061 992 3457 1060 991 3458 1055 993 3459 1062 994 3460 1061 992 3461 1055 993 3462 1054 990 3463 1052 987 3464 1062 994 3465 1057 995 3466 1063 996 3467 1063 996 3468 1052 987 3469 1058 989 3470 1054 990 3471 1053 997 3472 1052 987 3473 1052 987 3474 1057 995 3475 1056 998 3476 1056 998 3477 1055 993 3478 1052 987 3479 1068 999 3480 1069 1000 3481 1067 1001 3482 1070 1002 3483 1078 1003 3484 1077 1004 3485 1064 1005 3486 1074 1006 3487 1073 1007 3488 1066 1008 3489 1076 1009 3490 1075 1010 3491 1065 1011 3492 1073 1007 3493 1072 1012 3494 1075 1010 3495 1067 1001 3496 1066 1008 3497 1077 1004 3498 1071 1013 3499 1070 1002 3500 1079 1014 3501 1069 1000 3502 1068 999 3503 1068 999 3504 1072 1012 3505 1079 1014 3506 1069 1000 3507 1070 1002 3508 1071 1013 3509 1071 1013 3510 1066 1008 3511 1069 1000 3512 1066 1008 3513 1067 1001 3514 1069 1000 3515 1067 1001 3516 1064 1005 3517 1065 1011 3518 1065 1011 3519 1068 999 3520 1067 1001 3521 1084 1015 3522 1085 1016 3523 1083 1017 3524 1086 1018 3525 1094 1019 3526 1093 1020 3527 1080 1021 3528 1090 1022 3529 1089 1023 3530 1082 1024 3531 1092 1025 3532 1091 1026 3533 1081 1027 3534 1089 1023 3535 1088 1028 3536 1091 1026 3537 1083 1017 3538 1082 1024 3539 1093 1020 3540 1087 1029 3541 1086 1018 3542 1095 1030 3543 1085 1016 3544 1084 1015 3545 1084 1015 3546 1088 1028 3547 1095 1030 3548 1085 1016 3549 1086 1018 3550 1087 1029 3551 1087 1029 3552 1082 1024 3553 1085 1016 3554 1082 1024 3555 1083 1017 3556 1085 1016 3557 1083 1017 3558 1080 1021 3559 1081 1027 3560 1081 1027 3561 1084 1015 3562 1083 1017 3563 1100 1031 3564 1101 1032 3565 1099 1033 3566 1102 1034 3567 1110 1035 3568 1109 1036 3569 1096 1037 3570 1106 1038 3571 1105 1039 3572 1098 1040 3573 1108 1041 3574 1107 1042 3575 1097 1043 3576 1105 1039 3577 1104 1044 3578 1107 1042 3579 1099 1033 3580 1098 1040 3581 1109 1036 3582 1103 1045 3583 1102 1034 3584 1111 1046 3585 1101 1032 3586 1100 1031 3587 1100 1031 3588 1104 1044 3589 1111 1046 3590 1101 1032 3591 1102 1034 3592 1103 1045 3593 1103 1045 3594 1098 1040 3595 1101 1032 3596 1098 1040 3597 1099 1033 3598 1101 1032 3599 1099 1033 3600 1096 1037 3601 1097 1043 3602 1097 1043 3603 1100 1031 3604 1099 1033 3605 1116 1047 3606 1117 1048 3607 1115 1049 3608 1118 1050 3609 1126 1051 3610 1125 1052 3611 1112 1053 3612 1122 1054 3613 1121 1055 3614 1114 1056 3615 1124 1057 3616 1123 1058 3617 1113 1059 3618 1121 1055 3619 1120 1060 3620 1123 1058 3621 1115 1049 3622 1114 1056 3623 1125 1052 3624 1119 1061 3625 1118 1050 3626 1127 1062 3627 1117 1048 3628 1116 1047 3629 1116 1047 3630 1120 1060 3631 1127 1062 3632 1117 1048 3633 1118 1050 3634 1119 1061 3635 1119 1061 3636 1114 1056 3637 1117 1048 3638 1114 1056 3639 1115 1049 3640 1117 1048 3641 1115 1049 3642 1112 1053 3643 1113 1059 3644 1113 1059 3645 1116 1047 3646 1115 1049 3647 1132 1063 3648 1133 1064 3649 1131 1065 3650 1134 1066 3651 1142 1067 3652 1141 1068 3653 1128 1069 3654 1138 1070 3655 1137 1071 3656 1130 1072 3657 1140 1073 3658 1139 1074 3659 1129 1075 3660 1137 1071 3661 1136 1076 3662 1139 1074 3663 1131 1065 3664 1130 1072 3665 1141 1068 3666 1135 1077 3667 1134 1066 3668 1143 1078 3669 1133 1064 3670 1132 1063 3671 1132 1063 3672 1136 1076 3673 1143 1078 3674 1133 1064 3675 1134 1066 3676 1135 1077 3677 1135 1077 3678 1130 1072 3679 1133 1064 3680 1130 1072 3681 1131 1065 3682 1133 1064 3683 1131 1065 3684 1128 1069 3685 1129 1075 3686 1129 1075 3687 1132 1063 3688 1131 1065 3689 1148 1079 3690 1149 1080 3691 1147 1081 3692 1150 1082 3693 1158 1083 3694 1157 1084 3695 1144 1085 3696 1154 1086 3697 1153 1087 3698 1146 1088 3699 1156 1089 3700 1155 1090 3701 1145 1091 3702 1153 1087 3703 1152 1092 3704 1155 1090 3705 1147 1081 3706 1146 1088 3707 1157 1084 3708 1151 1093 3709 1150 1082 3710 1159 1094 3711 1149 1080 3712 1148 1079 3713 1148 1079 3714 1152 1092 3715 1159 1094 3716 1149 1080 3717 1150 1082 3718 1151 1093 3719 1151 1093 3720 1146 1088 3721 1149 1080 3722 1146 1088 3723 1147 1081 3724 1149 1080 3725 1147 1081 3726 1144 1085 3727 1145 1091 3728 1145 1091 3729 1148 1079 3730 1147 1081 3731 1164 1095 3732 1165 1096 3733 1163 1097 3734 1166 1098 3735 1174 1099 3736 1173 1100 3737 1160 1101 3738 1170 1102 3739 1169 1103 3740 1162 1104 3741 1172 1105 3742 1171 1106 3743 1161 1107 3744 1169 1103 3745 1168 1108 3746 1171 1106 3747 1163 1097 3748 1162 1104 3749 1173 1100 3750 1167 1109 3751 1166 1098 3752 1175 1110 3753 1165 1096 3754 1164 1095 3755 1164 1095 3756 1168 1108 3757 1175 1110 3758 1165 1096 3759 1166 1098 3760 1167 1109 3761 1167 1109 3762 1162 1104 3763 1165 1096 3764 1162 1104 3765 1163 1097 3766 1165 1096 3767 1163 1097 3768 1160 1101 3769 1161 1107 3770 1161 1107 3771 1164 1095 3772 1163 1097 3773 1180 1111 3774 1181 1112 3775 1179 1113 3776 1182 1114 3777 1190 1115 3778 1189 1116 3779 1176 1117 3780 1186 1118 3781 1185 1119 3782 1178 1120 3783 1188 1121 3784 1187 1122 3785 1177 1123 3786 1185 1119 3787 1184 1124 3788 1187 1122 3789 1179 1113 3790 1178 1120 3791 1189 1116 3792 1183 1125 3793 1182 1114 3794 1191 1126 3795 1181 1112 3796 1180 1111 3797 1180 1111 3798 1184 1124 3799 1191 1126 3800 1181 1112 3801 1182 1114 3802 1183 1125 3803 1183 1125 3804 1178 1120 3805 1181 1112 3806 1178 1120 3807 1179 1113 3808 1181 1112 3809 1179 1113 3810 1176 1117 3811 1177 1123 3812 1177 1123 3813 1180 1111 3814 1179 1113 3815 1196 1127 3816 1197 1128 3817 1195 1129 3818 1198 1130 3819 1206 1131 3820 1205 1132 3821 1192 1133 3822 1202 1134 3823 1201 1135 3824 1194 1136 3825 1204 1137 3826 1203 1138 3827 1193 1139 3828 1201 1135 3829 1200 1140 3830 1203 1138 3831 1195 1129 3832 1194 1136 3833 1205 1132 3834 1199 1141 3835 1198 1130 3836 1207 1142 3837 1197 1128 3838 1196 1127 3839 1196 1127 3840 1200 1140 3841 1207 1142 3842 1197 1128 3843 1198 1130 3844 1199 1141 3845 1199 1141 3846 1194 1136 3847 1197 1128 3848 1194 1136 3849 1195 1129 3850 1197 1128 3851 1195 1129 3852 1192 1133 3853 1193 1139 3854 1193 1139 3855 1196 1127 3856 1195 1129 3857 1208 1143 3858 1215 1144 3859 1214 1145 3860 1209 1146 3861 1216 1147 3862 1215 1144 3863 1210 1148 3864 1217 1149 3865 1216 1147 3866 1211 1150 3867 1218 1151 3868 1217 1149 3869 1211 1150 3870 1210 1148 3871 1208 1143 3872 1218 1151 3873 1213 1152 3874 1219 1153 3875 1213 1152 3876 1214 1145 3877 1219 1153 3878 1210 1148 3879 1209 1146 3880 1208 1143 3881 1208 1143 3882 1213 1152 3883 1212 1154 3884 1212 1154 3885 1211 1150 3886 1208 1143 3887 1220 1155 3888 1227 1156 3889 1226 1157 3890 1227 1156 3891 1222 1158 3892 1228 1159 3893 1222 1158 3894 1229 1160 3895 1228 1159 3896 1223 1161 3897 1230 1162 3898 1229 1160 3899 1223 1161 3900 1222 1158 3901 1220 1155 3902 1230 1162 3903 1225 1163 3904 1231 1164 3905 1231 1164 3906 1220 1155 3907 1226 1157 3908 1222 1158 3909 1221 1165 3910 1220 1155 3911 1220 1155 3912 1225 1163 3913 1224 1166 3914 1224 1166 3915 1223 1161 3916 1220 1155 3917 1238 1167 3918 1233 1168 3919 1239 1169 3920 1233 1168 3921 1240 1170 3922 1239 1169 3923 1240 1170 3924 1235 1171 3925 1241 1172 3926 1241 1172 3927 1236 1173 3928 1242 1174 3929 1235 1171 3930 1234 1175 3931 1232 1176 3932 1242 1174 3933 1237 1177 3934 1243 1178 3935 1237 1177 3936 1238 1167 3937 1243 1178 3938 1234 1175 3939 1233 1168 3940 1232 1176 3941 1232 1176 3942 1237 1177 3943 1236 1173 3944 1236 1173 3945 1235 1171 3946 1232 1176 3947 1244 1179 3948 1251 1180 3949 1250 1181 3950 1251 1180 3951 1246 1182 3952 1252 1183 3953 1246 1182 3954 1253 1184 3955 1252 1183 3956 1247 1185 3957 1254 1186 3958 1253 1184 3959 1247 1185 3960 1246 1182 3961 1244 1179 3962 1248 1187 3963 1255 1188 3964 1254 1186 3965 1249 1189 3966 1250 1181 3967 1255 1188 3968 1246 1182 3969 1245 1190 3970 1244 1179 3971 1244 1179 3972 1249 1189 3973 1248 1187 3974 1248 1187 3975 1247 1185 3976 1244 1179 3977 1262 1191 3978 1257 1192 3979 1263 1193 3980 1257 1192 3981 1264 1194 3982 1263 1193 3983 1258 1195 3984 1265 1196 3985 1264 1194 3986 1259 1197 3987 1266 1198 3988 1265 1196 3989 1259 1197 3990 1258 1195 3991 1256 1199 3992 1260 1200 3993 1267 1201 3994 1266 1198 3995 1267 1201 3996 1256 1199 3997 1262 1191 3998 1258 1195 3999 1257 1192 4000 1256 1199 4001 1256 1199 4002 1261 1202 4003 1260 1200 4004 1260 1200 4005 1259 1197 4006 1256 1199 4007 1268 1203 4008 1275 1204 4009 1274 1205 4010 1269 1206 4011 1276 1207 4012 1275 1204 4013 1276 1207 4014 1271 1208 4015 1277 1209 4016 1277 1209 4017 1272 1210 4018 1278 1211 4019 1271 1208 4020 1270 1212 4021 1268 1203 4022 1278 1211 4023 1273 1213 4024 1279 1214 4025 1273 1213 4026 1274 1205 4027 1279 1214 4028 1270 1212 4029 1269 1206 4030 1268 1203 4031 1268 1203 4032 1273 1213 4033 1272 1210 4034 1272 1210 4035 1271 1208 4036 1268 1203 4037 1286 1215 4038 1281 1216 4039 1287 1217 4040 1281 1216 4041 1288 1218 4042 1287 1217 4043 1288 1218 4044 1283 1219 4045 1289 1220 4046 1283 1219 4047 1290 1221 4048 1289 1220 4049 1283 1219 4050 1282 1222 4051 1280 1223 4052 1290 1221 4053 1285 1224 4054 1291 1225 4055 1285 1224 4056 1286 1215 4057 1291 1225 4058 1282 1222 4059 1281 1216 4060 1280 1223 4061 1280 1223 4062 1285 1224 4063 1284 1226 4064 1284 1226 4065 1283 1219 4066 1280 1223 4067 1298 1227 4068 1293 1228 4069 1299 1229 4070 1293 1228 4071 1300 1230 4072 1299 1229 4073 1300 1230 4074 1295 1231 4075 1301 1232 4076 1301 1232 4077 1296 1233 4078 1302 1234 4079 1295 1231 4080 1294 1235 4081 1292 1236 4082 1296 1233 4083 1303 1237 4084 1302 1234 4085 1303 1237 4086 1292 1236 4087 1298 1227 4088 1294 1235 4089 1293 1228 4090 1292 1236 4091 1292 1236 4092 1297 1238 4093 1296 1233 4094 1296 1233 4095 1295 1231 4096 1292 1236 4097 10 0 4098 1 6 4099 15 1 4100 5 3 4101 6 11 4102 12 4 4103 4 5 4104 2 14 4105 1 6 4106 13 2 4107 12 4 4108 14 8 4109 10 0 4110 7 15 4111 8 12 4112 0 10 4113 6 11 4114 5 3 4115 3 7 4116 10 0 4117 9 13 4118 14 8 4119 8 12 4120 7 15 4121 10 0 4122 13 2 4123 11 9 4124 8 12 4125 14 8 4126 12 4 4127 2 14 4128 0 10 4129 15 1 4130 9 13 4131 12 4 4132 0 10 4133 26 16 4134 29 21 4135 31 17 4136 28 19 4137 22 27 4138 21 20 4139 17 18 4140 18 30 4141 20 22 4142 30 24 4143 28 19 4144 29 21 4145 24 28 4146 23 31 4147 26 16 4148 21 20 4149 22 27 4150 16 26 4151 25 29 4152 26 16 4153 19 23 4154 23 31 4155 24 28 4156 30 24 4157 27 25 4158 29 21 4159 26 16 4160 28 19 4161 30 24 4162 24 28 4163 31 17 4164 16 26 4165 18 30 4166 16 26 4167 28 19 4168 25 29 4169 42 32 4170 45 37 4171 47 33 4172 44 35 4173 38 43 4174 37 36 4175 33 34 4176 34 46 4177 36 38 4178 46 40 4179 44 35 4180 45 37 4181 40 44 4182 39 47 4183 42 32 4184 37 36 4185 38 43 4186 32 42 4187 41 45 4188 42 32 4189 35 39 4190 39 47 4191 40 44 4192 46 40 4193 43 41 4194 45 37 4195 42 32 4196 44 35 4197 46 40 4198 40 44 4199 47 33 4200 32 42 4201 34 46 4202 32 42 4203 44 35 4204 41 45 4205 58 48 4206 49 54 4207 63 49 4208 53 51 4209 54 59 4210 60 52 4211 52 53 4212 50 62 4213 49 54 4214 61 50 4215 60 52 4216 62 56 4217 58 48 4218 55 63 4219 56 60 4220 48 58 4221 54 59 4222 53 51 4223 51 55 4224 58 48 4225 57 61 4226 62 56 4227 56 60 4228 55 63 4229 58 48 4230 61 50 4231 59 57 4232 56 60 4233 62 56 4234 60 52 4235 50 62 4236 48 58 4237 63 49 4238 57 61 4239 60 52 4240 48 58 4241 65 64 4242 67 67 4243 66 65 4244 67 67 4245 71 69 4246 70 68 4247 71 69 4248 69 71 4249 68 70 4250 69 71 4251 65 64 4252 64 66 4253 70 68 4254 68 70 4255 64 66 4256 67 67 4257 65 64 4258 69 71 4259 73 72 4260 75 75 4261 74 73 4262 75 75 4263 79 77 4264 78 76 4265 79 77 4266 77 79 4267 76 78 4268 77 79 4269 73 72 4270 72 74 4271 78 76 4272 76 78 4273 72 74 4274 79 77 4275 75 75 4276 73 72 4277 82 80 4278 83 84 4279 81 81 4280 86 83 4281 87 86 4282 83 84 4283 84 85 4284 85 87 4285 87 86 4286 80 82 4287 81 81 4288 85 87 4289 80 82 4290 84 85 4291 86 83 4292 85 87 4293 81 81 4294 83 84 4295 94 88 4296 90 91 4297 88 89 4298 90 91 4299 91 95 4300 89 92 4301 89 92 4302 91 95 4303 95 93 4304 95 93 4305 94 88 4306 92 90 4307 88 89 4308 89 92 4309 93 94 4310 90 91 4311 94 88 4312 95 93 4313 100 96 4314 102 100 4315 98 97 4316 99 99 4317 97 101 4318 96 98 4319 100 96 4320 101 94 4321 103 93 4322 103 93 4323 101 94 4324 97 101 4325 98 97 4326 102 100 4327 103 93 4328 96 98 4329 97 101 4330 101 94 4331 105 102 4332 107 109 4333 111 103 4334 106 105 4335 107 109 4336 105 102 4337 104 106 4338 108 108 4339 110 107 4340 109 104 4341 111 103 4342 110 107 4343 105 102 4344 109 104 4345 108 108 4346 110 107 4347 111 103 4348 107 109 4349 112 110 4350 116 1239 4351 118 111 4352 113 113 4353 112 110 4354 114 112 4355 118 111 4356 116 1239 4357 117 115 4358 119 116 4359 117 115 4360 113 113 4361 114 112 4362 118 111 4363 119 116 4364 117 115 4365 116 1239 4366 112 110 4367 120 117 4368 124 121 4369 126 118 4370 123 120 4371 121 123 4372 120 117 4373 124 121 4374 125 124 4375 127 122 4376 127 122 4377 125 124 4378 121 123 4379 120 117 4380 121 123 4381 125 124 4382 122 119 4383 126 118 4384 127 122 4385 128 125 4386 130 129 4387 134 126 4388 129 128 4389 131 132 4390 130 129 4391 135 130 4392 131 132 4393 129 128 4394 132 127 4395 134 126 4396 135 130 4397 132 127 4398 133 131 4399 129 128 4400 131 132 4401 135 130 4402 134 126 4403 138 133 4404 142 137 4405 140 134 4406 136 135 4407 137 138 4408 139 136 4409 143 130 4410 141 131 4411 140 134 4412 137 138 4413 141 131 4414 143 130 4415 139 136 4416 143 130 4417 142 137 4418 140 134 4419 141 131 4420 137 138 4421 151 139 4422 147 146 4423 145 140 4424 145 140 4425 147 146 4426 146 142 4427 150 144 4428 148 145 4429 144 143 4430 149 141 4431 148 145 4432 150 144 4433 148 145 4434 149 141 4435 145 140 4436 147 146 4437 151 139 4438 150 144 4439 158 147 4440 156 154 4441 152 148 4442 154 149 4443 152 148 4444 153 150 4445 157 152 4446 156 154 4447 158 147 4448 153 150 4449 157 152 4450 159 153 4451 155 151 4452 159 153 4453 158 147 4454 153 150 4455 152 148 4456 156 154 4457 166 155 4458 164 160 4459 160 156 4460 160 156 4461 161 161 4462 163 158 4463 167 159 4464 165 1240 4465 164 160 4466 161 161 4467 165 1240 4468 167 159 4469 164 160 4470 165 1240 4471 161 161 4472 163 158 4473 167 159 4474 166 155 4475 175 162 4476 186 186 4477 196 163 4478 173 165 4479 168 168 4480 182 166 4481 168 168 4482 197 175 4483 174 169 4484 179 171 4485 176 164 4486 173 165 4487 171 170 4488 174 169 4489 172 172 4490 168 168 4491 173 165 4492 176 164 4493 175 162 4494 176 164 4495 179 171 4496 197 175 4497 183 185 4498 169 180 4499 186 186 4500 202 188 4501 200 187 4502 203 178 4503 218 177 4504 187 189 4505 206 192 4506 205 197 4507 187 189 4508 169 180 4509 177 184 4510 216 191 4511 170 173 4512 218 177 4513 217 176 4514 172 172 4515 193 193 4516 190 196 4517 192 198 4518 212 200 4519 189 182 4520 189 182 4521 169 180 4522 187 189 4523 192 198 4524 195 210 4525 191 202 4526 169 180 4527 213 181 4528 208 194 4529 177 184 4530 183 185 4531 201 203 4532 185 204 4533 182 166 4534 168 168 4535 200 187 4536 201 203 4537 198 206 4538 201 203 4539 183 185 4540 197 175 4541 186 186 4542 204 199 4543 209 205 4544 204 199 4545 203 178 4546 194 190 4547 206 192 4548 207 208 4549 199 207 4550 207 208 4551 195 210 4552 192 198 4553 213 181 4554 215 183 4555 210 195 4556 215 183 4557 214 201 4558 211 209 4559 214 201 4560 212 200 4561 191 202 4562 184 179 4563 181 211 4564 170 173 4565 193 193 4566 191 202 4567 195 210 4568 181 211 4569 185 204 4570 171 170 4571 247 212 4572 237 237 4573 226 213 4574 233 215 4575 219 219 4576 224 216 4577 225 218 4578 248 224 4579 219 219 4580 224 216 4581 227 214 4582 230 221 4583 223 222 4584 225 218 4585 222 220 4586 227 214 4587 224 216 4588 219 219 4589 230 221 4590 227 214 4591 226 213 4592 220 230 4593 234 235 4594 248 224 4595 251 236 4596 253 238 4597 237 237 4598 254 227 4599 245 240 4600 238 239 4601 238 239 4602 256 248 4603 257 242 4604 238 239 4605 267 241 4606 228 234 4607 268 226 4608 269 228 4609 221 223 4610 223 222 4611 269 228 4612 241 246 4613 243 249 4614 239 247 4615 240 233 4616 238 239 4617 220 230 4618 240 233 4619 242 253 4620 246 261 4621 243 249 4622 259 245 4623 264 231 4624 220 230 4625 228 234 4626 251 236 4627 252 254 4628 219 219 4629 233 215 4630 236 255 4631 249 257 4632 252 254 4633 251 236 4634 248 224 4635 234 235 4636 252 254 4637 260 256 4638 255 251 4639 237 237 4640 245 240 4641 254 227 4642 255 251 4643 250 258 4644 258 259 4645 257 242 4646 243 249 4647 246 261 4648 258 259 4649 261 244 4650 266 232 4651 264 231 4652 262 260 4653 265 252 4654 266 232 4655 242 253 4656 263 250 4657 265 252 4658 221 223 4659 232 262 4660 235 229 4661 244 243 4662 241 246 4663 246 261 4664 222 220 4665 236 255 4666 232 262 4667 292 263 4668 282 283 4669 277 264 4670 182 166 4671 270 268 4672 275 266 4673 276 267 4674 293 272 4675 270 268 4676 275 266 4677 278 265 4678 179 171 4679 274 270 4680 276 267 4681 273 269 4682 278 265 4683 275 266 4684 270 268 4685 179 171 4686 278 265 4687 277 264 4688 271 277 4689 281 281 4690 293 272 4691 296 282 4692 298 284 4693 282 283 4694 299 275 4695 290 286 4696 283 285 4697 283 285 4698 301 293 4699 302 288 4700 271 277 4701 283 285 4702 312 287 4703 313 274 4704 314 276 4705 272 271 4706 274 270 4707 314 276 4708 286 292 4709 288 294 4710 284 182 4711 285 182 4712 283 285 4713 271 277 4714 285 182 4715 287 298 4716 291 305 4717 288 294 4718 304 291 4719 309 278 4720 271 277 4721 279 280 4722 296 282 4723 297 299 4724 270 268 4725 182 166 4726 185 204 4727 294 301 4728 297 299 4729 296 282 4730 293 272 4731 281 281 4732 297 299 4733 305 300 4734 300 296 4735 282 283 4736 290 286 4737 299 275 4738 300 296 4739 295 302 4740 303 303 4741 302 288 4742 288 294 4743 291 305 4744 303 303 4745 306 290 4746 311 279 4747 309 278 4748 307 304 4749 310 297 4750 311 279 4751 287 298 4752 308 295 4753 310 297 4754 272 271 4755 181 211 4756 184 179 4757 289 289 4758 286 292 4759 291 305 4760 273 269 4761 185 204 4762 181 211 4763 322 306 4764 327 326 4765 337 307 4766 320 309 4767 315 310 4768 233 215 4769 315 310 4770 338 316 4771 321 311 4772 230 221 4773 323 308 4774 320 309 4775 318 312 4776 321 311 4777 319 313 4778 315 310 4779 320 309 4780 323 308 4781 322 306 4782 323 308 4783 230 221 4784 338 316 4785 326 325 4786 316 320 4787 327 326 4788 343 328 4789 341 327 4790 344 319 4791 359 318 4792 328 329 4793 347 332 4794 346 337 4795 328 329 4796 324 324 4797 357 331 4798 328 329 4799 317 314 4800 359 318 4801 358 317 4802 319 313 4803 334 333 4804 331 336 4805 333 339 4806 353 341 4807 330 322 4808 330 322 4809 316 320 4810 328 329 4811 333 339 4812 336 350 4813 332 343 4814 316 320 4815 354 321 4816 349 334 4817 324 324 4818 326 325 4819 342 344 4820 236 255 4821 233 215 4822 315 310 4823 341 327 4824 342 344 4825 339 346 4826 342 344 4827 326 325 4828 338 316 4829 327 326 4830 345 340 4831 350 345 4832 345 340 4833 344 319 4834 335 330 4835 347 332 4836 348 348 4837 340 347 4838 348 348 4839 336 350 4840 333 339 4841 354 321 4842 356 323 4843 351 335 4844 356 323 4845 355 342 4846 352 349 4847 355 342 4848 353 341 4849 332 343 4850 235 229 4851 232 262 4852 317 314 4853 334 333 4854 332 343 4855 336 350 4856 232 262 4857 236 255 4858 318 312 4859 367 351 4860 378 370 4861 388 352 4862 365 354 4863 360 168 4864 374 166 4865 360 168 4866 389 361 4867 366 355 4868 371 357 4869 368 353 4870 365 354 4871 363 356 4872 366 355 4873 364 358 4874 360 168 4875 365 354 4876 368 353 4877 367 351 4878 368 353 4879 371 357 4880 389 361 4881 375 369 4882 361 366 4883 378 370 4884 394 372 4885 392 371 4886 395 364 4887 410 363 4888 379 373 4889 398 376 4890 397 381 4891 379 373 4892 361 366 4893 369 184 4894 408 375 4895 362 359 4896 410 363 4897 409 362 4898 364 358 4899 385 377 4900 382 380 4901 384 382 4902 404 384 4903 381 182 4904 381 182 4905 361 366 4906 379 373 4907 384 382 4908 387 393 4909 383 386 4910 361 366 4911 405 367 4912 400 378 4913 369 184 4914 375 369 4915 393 387 4916 377 204 4917 374 166 4918 360 168 4919 392 371 4920 393 387 4921 390 389 4922 393 387 4923 375 369 4924 389 361 4925 378 370 4926 396 383 4927 401 388 4928 396 383 4929 395 364 4930 386 374 4931 398 376 4932 399 391 4933 391 390 4934 399 391 4935 387 393 4936 384 382 4937 405 367 4938 407 368 4939 402 379 4940 407 368 4941 406 385 4942 403 392 4943 406 385 4944 404 384 4945 383 386 4946 376 365 4947 373 211 4948 362 359 4949 385 377 4950 383 386 4951 387 393 4952 373 211 4953 377 204 4954 363 356 4955 439 394 4956 429 414 4957 418 395 4958 425 215 4959 411 219 4960 416 216 4961 417 397 4962 440 402 4963 411 219 4964 416 216 4965 419 396 4966 422 399 4967 415 400 4968 417 397 4969 414 398 4970 419 396 4971 416 216 4972 411 219 4973 422 399 4974 419 396 4975 418 395 4976 412 408 4977 426 412 4978 440 402 4979 443 413 4980 445 415 4981 429 414 4982 446 405 4983 437 417 4984 430 416 4985 430 416 4986 448 425 4987 449 419 4988 430 416 4989 459 418 4990 420 234 4991 460 404 4992 461 406 4993 413 401 4994 415 400 4995 461 406 4996 433 423 4997 435 426 4998 431 424 4999 432 411 5000 430 416 5001 412 408 5002 432 411 5003 434 429 5004 438 436 5005 435 426 5006 451 422 5007 456 409 5008 412 408 5009 420 234 5010 443 413 5011 444 430 5012 411 219 5013 425 215 5014 428 255 5015 441 432 5016 444 430 5017 443 413 5018 440 402 5019 426 412 5020 444 430 5021 452 431 5022 447 427 5023 429 414 5024 437 417 5025 446 405 5026 447 427 5027 442 433 5028 450 434 5029 449 419 5030 435 426 5031 438 436 5032 450 434 5033 453 421 5034 458 410 5035 456 409 5036 454 435 5037 457 428 5038 458 410 5039 434 429 5040 455 250 5041 457 428 5042 413 401 5043 424 262 5044 427 407 5045 436 420 5046 433 423 5047 438 436 5048 414 398 5049 428 255 5050 424 262 5051 484 437 5052 474 454 5053 469 438 5054 374 166 5055 462 268 5056 467 440 5057 468 441 5058 485 445 5059 462 268 5060 467 440 5061 470 439 5062 371 357 5063 466 443 5064 468 441 5065 465 442 5066 470 439 5067 467 440 5068 462 268 5069 371 357 5070 470 439 5071 469 438 5072 463 450 5073 473 281 5074 485 445 5075 488 453 5076 490 455 5077 474 454 5078 491 448 5079 482 457 5080 475 456 5081 475 456 5082 493 464 5083 494 459 5084 463 450 5085 475 456 5086 504 458 5087 505 447 5088 506 449 5089 464 444 5090 466 443 5091 506 449 5092 478 463 5093 480 465 5094 476 182 5095 477 182 5096 475 456 5097 463 450 5098 477 182 5099 479 469 5100 483 476 5101 480 465 5102 496 462 5103 501 451 5104 463 450 5105 471 280 5106 488 453 5107 489 470 5108 462 268 5109 374 166 5110 377 204 5111 486 472 5112 489 470 5113 488 453 5114 485 445 5115 473 281 5116 489 470 5117 497 471 5118 492 467 5119 474 454 5120 482 457 5121 491 448 5122 492 467 5123 487 473 5124 495 474 5125 494 459 5126 480 465 5127 483 476 5128 495 474 5129 498 461 5130 503 452 5131 501 451 5132 499 475 5133 502 468 5134 503 452 5135 479 469 5136 500 466 5137 502 468 5138 464 444 5139 373 211 5140 376 365 5141 481 460 5142 478 463 5143 483 476 5144 465 442 5145 377 204 5146 373 211 5147 514 477 5148 519 492 5149 529 478 5150 512 309 5151 507 480 5152 425 215 5153 507 480 5154 530 484 5155 513 481 5156 422 399 5157 515 479 5158 512 309 5159 510 482 5160 513 481 5161 511 313 5162 507 480 5163 512 309 5164 515 479 5165 514 477 5166 515 479 5167 422 399 5168 530 484 5169 518 325 5170 508 488 5171 519 492 5172 535 494 5173 533 493 5174 536 487 5175 551 486 5176 520 495 5177 539 498 5178 538 503 5179 520 495 5180 516 324 5181 549 497 5182 520 495 5183 509 483 5184 551 486 5185 550 485 5186 511 313 5187 526 499 5188 523 502 5189 525 505 5190 545 341 5191 522 490 5192 522 490 5193 508 488 5194 520 495 5195 525 505 5196 528 515 5197 524 508 5198 508 488 5199 546 489 5200 541 500 5201 516 324 5202 518 325 5203 534 509 5204 428 255 5205 425 215 5206 507 480 5207 533 493 5208 534 509 5209 531 511 5210 534 509 5211 518 325 5212 530 484 5213 519 492 5214 537 506 5215 542 510 5216 537 506 5217 536 487 5218 527 496 5219 539 498 5220 540 513 5221 532 512 5222 540 513 5223 528 515 5224 525 505 5225 546 489 5226 548 491 5227 543 501 5228 548 491 5229 547 507 5230 544 514 5231 547 507 5232 545 341 5233 524 508 5234 427 407 5235 424 262 5236 509 483 5237 526 499 5238 524 508 5239 528 515 5240 424 262 5241 428 255 5242 510 482 5243 559 516 5244 570 533 5245 580 517 5246 557 165 5247 552 168 5248 566 166 5249 552 168 5250 581 523 5251 558 519 5252 563 171 5253 560 518 5254 557 165 5255 555 520 5256 558 519 5257 556 521 5258 552 168 5259 557 165 5260 560 518 5261 559 516 5262 560 518 5263 563 171 5264 581 523 5265 567 532 5266 553 527 5267 570 533 5268 586 535 5269 584 534 5270 587 526 5271 602 525 5272 571 536 5273 590 539 5274 589 544 5275 571 536 5276 553 527 5277 561 531 5278 600 538 5279 554 359 5280 602 525 5281 601 524 5282 556 521 5283 577 540 5284 574 543 5285 576 546 5286 596 200 5287 573 529 5288 573 529 5289 553 527 5290 571 536 5291 576 546 5292 579 556 5293 575 549 5294 553 527 5295 597 528 5296 592 541 5297 561 531 5298 567 532 5299 585 550 5300 569 204 5301 566 166 5302 552 168 5303 584 534 5304 585 550 5305 582 552 5306 585 550 5307 567 532 5308 581 523 5309 570 533 5310 588 547 5311 593 551 5312 588 547 5313 587 526 5314 578 537 5315 590 539 5316 591 554 5317 583 553 5318 591 554 5319 579 556 5320 576 546 5321 597 528 5322 599 530 5323 594 542 5324 599 530 5325 598 548 5326 595 555 5327 598 548 5328 596 200 5329 575 549 5330 568 179 5331 565 211 5332 554 359 5333 577 540 5334 575 549 5335 579 556 5336 565 211 5337 569 204 5338 555 520 5339 631 557 5340 621 575 5341 610 213 5342 617 215 5343 603 560 5344 608 216 5345 609 559 5346 632 563 5347 603 560 5348 608 216 5349 611 558 5350 614 221 5351 607 561 5352 609 559 5353 606 398 5354 611 558 5355 608 216 5356 603 560 5357 614 221 5358 611 558 5359 610 213 5360 604 568 5361 618 573 5362 632 563 5363 635 574 5364 637 576 5365 621 575 5366 638 566 5367 629 578 5368 622 577 5369 622 577 5370 640 586 5371 641 580 5372 622 577 5373 651 579 5374 612 572 5375 652 565 5376 653 567 5377 605 562 5378 607 561 5379 653 567 5380 625 584 5381 627 587 5382 623 585 5383 624 571 5384 622 577 5385 604 568 5386 624 571 5387 626 590 5388 630 597 5389 627 587 5390 643 583 5391 648 569 5392 604 568 5393 612 572 5394 635 574 5395 636 591 5396 603 560 5397 617 215 5398 620 255 5399 633 593 5400 636 591 5401 635 574 5402 632 563 5403 618 573 5404 636 591 5405 644 592 5406 639 588 5407 621 575 5408 629 578 5409 638 566 5410 639 588 5411 634 594 5412 642 595 5413 641 580 5414 627 587 5415 630 597 5416 642 595 5417 645 582 5418 650 570 5419 648 569 5420 646 596 5421 649 589 5422 650 570 5423 626 590 5424 647 250 5425 649 589 5426 605 562 5427 616 262 5428 619 229 5429 628 581 5430 625 584 5431 630 597 5432 606 398 5433 620 255 5434 616 262 5435 676 598 5436 666 616 5437 661 599 5438 566 166 5439 654 268 5440 659 266 5441 660 601 5442 677 604 5443 654 268 5444 659 266 5445 662 600 5446 563 171 5447 658 603 5448 660 601 5449 657 602 5450 662 600 5451 659 266 5452 654 268 5453 563 171 5454 662 600 5455 661 599 5456 655 609 5457 665 614 5458 677 604 5459 680 615 5460 682 617 5461 666 616 5462 683 607 5463 674 619 5464 667 618 5465 667 618 5466 685 627 5467 686 621 5468 655 609 5469 667 618 5470 696 620 5471 697 606 5472 698 608 5473 656 444 5474 658 603 5475 698 608 5476 670 625 5477 672 628 5478 668 626 5479 669 612 5480 667 618 5481 655 609 5482 669 612 5483 671 631 5484 675 638 5485 672 628 5486 688 624 5487 693 610 5488 655 609 5489 663 613 5490 680 615 5491 681 632 5492 654 268 5493 566 166 5494 569 204 5495 678 634 5496 681 632 5497 680 615 5498 677 604 5499 665 614 5500 681 632 5501 689 633 5502 684 629 5503 666 616 5504 674 619 5505 683 607 5506 684 629 5507 679 635 5508 687 636 5509 686 621 5510 672 628 5511 675 638 5512 687 636 5513 690 623 5514 695 611 5515 693 610 5516 691 637 5517 694 630 5518 695 611 5519 671 631 5520 692 295 5521 694 630 5522 656 444 5523 565 211 5524 568 179 5525 673 622 5526 670 625 5527 675 638 5528 657 602 5529 569 204 5530 565 211 5531 706 639 5532 711 655 5533 721 640 5534 704 309 5535 699 480 5536 617 215 5537 699 480 5538 722 645 5539 705 641 5540 614 221 5541 707 479 5542 704 309 5543 702 482 5544 705 641 5545 703 642 5546 699 480 5547 704 309 5548 707 479 5549 706 639 5550 707 479 5551 614 221 5552 722 645 5553 710 654 5554 700 649 5555 711 655 5556 727 657 5557 725 656 5558 728 648 5559 743 647 5560 712 658 5561 731 661 5562 730 666 5563 712 658 5564 708 653 5565 741 660 5566 712 658 5567 701 643 5568 743 647 5569 742 646 5570 703 642 5571 718 662 5572 715 665 5573 717 668 5574 737 341 5575 714 651 5576 714 651 5577 700 649 5578 712 658 5579 717 668 5580 720 678 5581 716 671 5582 700 649 5583 738 650 5584 733 663 5585 708 653 5586 710 654 5587 726 672 5588 620 255 5589 617 215 5590 699 480 5591 725 656 5592 726 672 5593 723 674 5594 726 672 5595 710 654 5596 722 645 5597 711 655 5598 729 669 5599 734 673 5600 729 669 5601 728 648 5602 719 659 5603 731 661 5604 732 676 5605 724 675 5606 732 676 5607 720 678 5608 717 668 5609 738 650 5610 740 652 5611 735 664 5612 740 652 5613 739 670 5614 736 677 5615 739 670 5616 737 341 5617 716 671 5618 619 229 5619 616 262 5620 701 643 5621 718 662 5622 716 671 5623 720 678 5624 616 262 5625 620 255 5626 702 482 5627 750 679 5628 744 688 5629 745 680 5630 751 681 5631 745 680 5632 746 682 5633 746 682 5634 747 687 5635 753 684 5636 753 684 5637 747 687 5638 748 685 5639 754 686 5640 748 685 5641 749 689 5642 749 689 5643 744 688 5644 750 679 5645 762 694 5646 761 692 5647 770 695 5648 756 697 5649 759 693 5650 766 698 5651 758 700 5652 763 705 5653 768 701 5654 757 703 5655 756 697 5656 765 699 5657 767 702 5658 766 698 5659 759 693 5660 769 696 5661 768 701 5662 763 705 5663 771 706 5664 770 695 5665 761 692 5666 760 691 5667 757 703 5668 764 704 5669 772 707 5670 773 710 5671 779 708 5672 773 710 5673 774 712 5674 780 711 5675 774 712 5676 775 714 5677 781 713 5678 775 714 5679 776 716 5680 782 715 5681 776 716 5682 777 718 5683 783 717 5684 783 717 5685 777 718 5686 772 707 5687 790 722 5688 789 720 5689 798 723 5690 784 725 5691 787 721 5692 794 726 5693 786 728 5694 791 733 5695 796 729 5696 785 731 5697 784 725 5698 793 727 5699 795 730 5700 794 726 5701 787 721 5702 797 724 5703 796 729 5704 791 733 5705 799 734 5706 798 723 5707 789 720 5708 788 719 5709 785 731 5710 792 732 5711 806 738 5712 805 736 5713 814 739 5714 800 741 5715 803 737 5716 810 742 5717 802 744 5718 807 749 5719 812 745 5720 801 747 5721 800 741 5722 809 743 5723 811 746 5724 810 742 5725 803 737 5726 813 740 5727 812 745 5728 807 749 5729 815 750 5730 814 739 5731 805 736 5732 804 735 5733 801 747 5734 808 748 5735 822 754 5736 821 752 5737 830 755 5738 816 757 5739 819 753 5740 826 758 5741 818 760 5742 823 765 5743 828 761 5744 817 763 5745 816 757 5746 825 759 5747 827 762 5748 826 758 5749 819 753 5750 829 756 5751 828 761 5752 823 765 5753 831 766 5754 830 755 5755 821 752 5756 820 751 5757 817 763 5758 824 764 5759 838 770 5760 837 768 5761 846 771 5762 832 773 5763 835 769 5764 842 774 5765 834 776 5766 839 781 5767 844 777 5768 833 779 5769 832 773 5770 841 775 5771 843 778 5772 842 774 5773 835 769 5774 845 772 5775 844 777 5776 839 781 5777 847 782 5778 846 771 5779 837 768 5780 836 767 5781 833 779 5782 840 780 5783 854 786 5784 853 784 5785 862 787 5786 848 789 5787 851 785 5788 858 790 5789 850 792 5790 855 797 5791 860 793 5792 849 795 5793 848 789 5794 857 791 5795 859 794 5796 858 790 5797 851 785 5798 861 788 5799 860 793 5800 855 797 5801 863 798 5802 862 787 5803 853 784 5804 852 783 5805 849 795 5806 856 796 5807 870 802 5808 869 800 5809 878 803 5810 864 805 5811 867 801 5812 874 806 5813 866 808 5814 871 813 5815 876 809 5816 865 811 5817 864 805 5818 873 807 5819 875 810 5820 874 806 5821 867 801 5822 877 804 5823 876 809 5824 871 813 5825 879 814 5826 878 803 5827 869 800 5828 868 799 5829 865 811 5830 872 812 5831 886 818 5832 885 816 5833 894 819 5834 880 821 5835 883 817 5836 890 822 5837 882 824 5838 887 829 5839 892 825 5840 881 827 5841 880 821 5842 889 823 5843 891 826 5844 890 822 5845 883 817 5846 893 820 5847 892 825 5848 887 829 5849 895 830 5850 894 819 5851 885 816 5852 884 815 5853 881 827 5854 888 828 5855 902 834 5856 901 832 5857 910 835 5858 896 837 5859 899 833 5860 906 838 5861 898 840 5862 903 845 5863 908 841 5864 897 843 5865 896 837 5866 905 839 5867 907 842 5868 906 838 5869 899 833 5870 909 836 5871 908 841 5872 903 845 5873 911 846 5874 910 835 5875 901 832 5876 900 831 5877 897 843 5878 904 844 5879 918 850 5880 917 848 5881 926 851 5882 912 853 5883 915 849 5884 922 854 5885 914 856 5886 919 861 5887 924 857 5888 913 859 5889 912 853 5890 921 855 5891 923 858 5892 922 854 5893 915 849 5894 925 852 5895 924 857 5896 919 861 5897 927 862 5898 926 851 5899 917 848 5900 916 847 5901 913 859 5902 920 860 5903 928 863 5904 929 866 5905 935 864 5906 929 866 5907 930 868 5908 936 867 5909 930 868 5910 931 872 5911 937 869 5912 937 869 5913 931 872 5914 932 870 5915 938 871 5916 932 870 5917 933 873 5918 933 873 5919 928 863 5920 934 865 5921 946 875 5922 940 883 5923 941 876 5924 941 876 5925 942 882 5926 948 878 5927 948 878 5928 942 882 5929 943 879 5930 943 879 5931 944 886 5932 950 881 5933 950 881 5934 944 886 5935 945 884 5936 951 885 5937 945 884 5938 940 883 5939 958 887 5940 952 895 5941 953 888 5942 959 889 5943 953 888 5944 954 890 5945 960 891 5946 954 890 5947 955 892 5948 955 892 5949 956 898 5950 962 894 5951 962 894 5952 956 898 5953 957 896 5954 963 897 5955 957 896 5956 952 895 5957 970 899 5958 964 907 5959 965 900 5960 965 900 5961 966 906 5962 972 902 5963 972 902 5964 966 906 5965 967 903 5966 967 903 5967 968 908 5968 974 905 5969 968 908 5970 969 910 5971 975 909 5972 975 909 5973 969 910 5974 964 907 5975 982 911 5976 976 919 5977 977 912 5978 983 913 5979 977 912 5980 978 914 5981 984 915 5982 978 914 5983 979 916 5984 979 916 5985 980 920 5986 986 918 5987 980 920 5988 981 922 5989 987 921 5990 981 922 5991 976 919 5992 982 911 5993 988 923 5994 989 926 5995 995 924 5996 989 926 5997 990 928 5998 996 927 5999 990 928 6000 991 930 6001 997 929 6002 991 930 6003 992 934 6004 998 931 6005 998 931 6006 992 934 6007 993 932 6008 999 933 6009 993 932 6010 988 923 6011 1006 935 6012 1000 943 6013 1001 936 6014 1001 936 6015 1002 942 6016 1008 938 6017 1008 938 6018 1002 942 6019 1003 939 6020 1003 939 6021 1004 946 6022 1010 941 6023 1010 941 6024 1004 946 6025 1005 944 6026 1011 945 6027 1005 944 6028 1000 943 6029 1012 947 6030 1013 950 6031 1019 948 6032 1013 950 6033 1014 952 6034 1020 951 6035 1014 952 6036 1015 956 6037 1021 953 6038 1021 953 6039 1015 956 6040 1016 954 6041 1016 954 6042 1017 958 6043 1023 957 6044 1023 957 6045 1017 958 6046 1012 947 6047 1024 959 6048 1025 962 6049 1031 960 6050 1025 962 6051 1026 967 6052 1032 963 6053 1032 963 6054 1026 967 6055 1027 964 6056 1027 964 6057 1028 968 6058 1034 966 6059 1028 968 6060 1029 970 6061 1035 969 6062 1035 969 6063 1029 970 6064 1024 959 6065 1042 974 6066 1041 972 6067 1050 975 6068 1036 977 6069 1039 973 6070 1046 978 6071 1038 980 6072 1043 985 6073 1048 981 6074 1037 983 6075 1036 977 6076 1045 979 6077 1047 982 6078 1046 978 6079 1039 973 6080 1049 976 6081 1048 981 6082 1043 985 6083 1051 986 6084 1050 975 6085 1041 972 6086 1040 971 6087 1037 983 6088 1044 984 6089 1052 987 6090 1053 997 6091 1059 988 6092 1059 988 6093 1053 997 6094 1054 990 6095 1054 990 6096 1055 993 6097 1061 992 6098 1055 993 6099 1056 998 6100 1062 994 6101 1062 994 6102 1056 998 6103 1057 995 6104 1063 996 6105 1057 995 6106 1052 987 6107 1070 1002 6108 1069 1000 6109 1078 1003 6110 1064 1005 6111 1067 1001 6112 1074 1006 6113 1066 1008 6114 1071 1013 6115 1076 1009 6116 1065 1011 6117 1064 1005 6118 1073 1007 6119 1075 1010 6120 1074 1006 6121 1067 1001 6122 1077 1004 6123 1076 1009 6124 1071 1013 6125 1079 1014 6126 1078 1003 6127 1069 1000 6128 1068 999 6129 1065 1011 6130 1072 1012 6131 1086 1018 6132 1085 1016 6133 1094 1019 6134 1080 1021 6135 1083 1017 6136 1090 1022 6137 1082 1024 6138 1087 1029 6139 1092 1025 6140 1081 1027 6141 1080 1021 6142 1089 1023 6143 1091 1026 6144 1090 1022 6145 1083 1017 6146 1093 1020 6147 1092 1025 6148 1087 1029 6149 1095 1030 6150 1094 1019 6151 1085 1016 6152 1084 1015 6153 1081 1027 6154 1088 1028 6155 1102 1034 6156 1101 1032 6157 1110 1035 6158 1096 1037 6159 1099 1033 6160 1106 1038 6161 1098 1040 6162 1103 1045 6163 1108 1041 6164 1097 1043 6165 1096 1037 6166 1105 1039 6167 1107 1042 6168 1106 1038 6169 1099 1033 6170 1109 1036 6171 1108 1041 6172 1103 1045 6173 1111 1046 6174 1110 1035 6175 1101 1032 6176 1100 1031 6177 1097 1043 6178 1104 1044 6179 1118 1050 6180 1117 1048 6181 1126 1051 6182 1112 1053 6183 1115 1049 6184 1122 1054 6185 1114 1056 6186 1119 1061 6187 1124 1057 6188 1113 1059 6189 1112 1053 6190 1121 1055 6191 1123 1058 6192 1122 1054 6193 1115 1049 6194 1125 1052 6195 1124 1057 6196 1119 1061 6197 1127 1062 6198 1126 1051 6199 1117 1048 6200 1116 1047 6201 1113 1059 6202 1120 1060 6203 1134 1066 6204 1133 1064 6205 1142 1067 6206 1128 1069 6207 1131 1065 6208 1138 1070 6209 1130 1072 6210 1135 1077 6211 1140 1073 6212 1129 1075 6213 1128 1069 6214 1137 1071 6215 1139 1074 6216 1138 1070 6217 1131 1065 6218 1141 1068 6219 1140 1073 6220 1135 1077 6221 1143 1078 6222 1142 1067 6223 1133 1064 6224 1132 1063 6225 1129 1075 6226 1136 1076 6227 1150 1082 6228 1149 1080 6229 1158 1083 6230 1144 1085 6231 1147 1081 6232 1154 1086 6233 1146 1088 6234 1151 1093 6235 1156 1089 6236 1145 1091 6237 1144 1085 6238 1153 1087 6239 1155 1090 6240 1154 1086 6241 1147 1081 6242 1157 1084 6243 1156 1089 6244 1151 1093 6245 1159 1094 6246 1158 1083 6247 1149 1080 6248 1148 1079 6249 1145 1091 6250 1152 1092 6251 1166 1098 6252 1165 1096 6253 1174 1099 6254 1160 1101 6255 1163 1097 6256 1170 1102 6257 1162 1104 6258 1167 1109 6259 1172 1105 6260 1161 1107 6261 1160 1101 6262 1169 1103 6263 1171 1106 6264 1170 1102 6265 1163 1097 6266 1173 1100 6267 1172 1105 6268 1167 1109 6269 1175 1110 6270 1174 1099 6271 1165 1096 6272 1164 1095 6273 1161 1107 6274 1168 1108 6275 1182 1114 6276 1181 1112 6277 1190 1115 6278 1176 1117 6279 1179 1113 6280 1186 1118 6281 1178 1120 6282 1183 1125 6283 1188 1121 6284 1177 1123 6285 1176 1117 6286 1185 1119 6287 1187 1122 6288 1186 1118 6289 1179 1113 6290 1189 1116 6291 1188 1121 6292 1183 1125 6293 1191 1126 6294 1190 1115 6295 1181 1112 6296 1180 1111 6297 1177 1123 6298 1184 1124 6299 1198 1130 6300 1197 1128 6301 1206 1131 6302 1192 1133 6303 1195 1129 6304 1202 1134 6305 1194 1136 6306 1199 1141 6307 1204 1137 6308 1193 1139 6309 1192 1133 6310 1201 1135 6311 1203 1138 6312 1202 1134 6313 1195 1129 6314 1205 1132 6315 1204 1137 6316 1199 1141 6317 1207 1142 6318 1206 1131 6319 1197 1128 6320 1196 1127 6321 1193 1139 6322 1200 1140 6323 1208 1143 6324 1209 1146 6325 1215 1144 6326 1209 1146 6327 1210 1148 6328 1216 1147 6329 1210 1148 6330 1211 1150 6331 1217 1149 6332 1211 1150 6333 1212 1154 6334 1218 1151 6335 1218 1151 6336 1212 1154 6337 1213 1152 6338 1213 1152 6339 1208 1143 6340 1214 1145 6341 1220 1155 6342 1221 1165 6343 1227 1156 6344 1227 1156 6345 1221 1165 6346 1222 1158 6347 1222 1158 6348 1223 1161 6349 1229 1160 6350 1223 1161 6351 1224 1166 6352 1230 1162 6353 1230 1162 6354 1224 1166 6355 1225 1163 6356 1231 1164 6357 1225 1163 6358 1220 1155 6359 1238 1167 6360 1232 1176 6361 1233 1168 6362 1233 1168 6363 1234 1175 6364 1240 1170 6365 1240 1170 6366 1234 1175 6367 1235 1171 6368 1241 1172 6369 1235 1171 6370 1236 1173 6371 1242 1174 6372 1236 1173 6373 1237 1177 6374 1237 1177 6375 1232 1176 6376 1238 1167 6377 1244 1179 6378 1245 1190 6379 1251 1180 6380 1251 1180 6381 1245 1190 6382 1246 1182 6383 1246 1182 6384 1247 1185 6385 1253 1184 6386 1247 1185 6387 1248 1187 6388 1254 1186 6389 1248 1187 6390 1249 1189 6391 1255 1188 6392 1249 1189 6393 1244 1179 6394 1250 1181 6395 1262 1191 6396 1256 1199 6397 1257 1192 6398 1257 1192 6399 1258 1195 6400 1264 1194 6401 1258 1195 6402 1259 1197 6403 1265 1196 6404 1259 1197 6405 1260 1200 6406 1266 1198 6407 1260 1200 6408 1261 1202 6409 1267 1201 6410 1267 1201 6411 1261 1202 6412 1256 1199 6413 1268 1203 6414 1269 1206 6415 1275 1204 6416 1269 1206 6417 1270 1212 6418 1276 1207 6419 1276 1207 6420 1270 1212 6421 1271 1208 6422 1277 1209 6423 1271 1208 6424 1272 1210 6425 1278 1211 6426 1272 1210 6427 1273 1213 6428 1273 1213 6429 1268 1203 6430 1274 1205 6431 1286 1215 6432 1280 1223 6433 1281 1216 6434 1281 1216 6435 1282 1222 6436 1288 1218 6437 1288 1218 6438 1282 1222 6439 1283 1219 6440 1283 1219 6441 1284 1226 6442 1290 1221 6443 1290 1221 6444 1284 1226 6445 1285 1224 6446 1285 1224 6447 1280 1223 6448 1286 1215 6449 1298 1227 6450 1292 1236 6451 1293 1228 6452 1293 1228 6453 1294 1235 6454 1300 1230 6455 1300 1230 6456 1294 1235 6457 1295 1231 6458 1301 1232 6459 1295 1231 6460 1296 1233 6461 1296 1233 6462 1297 1238 6463 1303 1237 6464 1303 1237 6465 1297 1238 6466 1292 1236 6467</p>
        </triangles>
      </mesh>
    </geometry>
  </library_geometries>
  <library_visual_scenes>
    <visual_scene id="Scene" name="Scene">
      <node id="Realistic_lowpoly_rack" name="Realistic lowpoly rack" type="NODE">
        <matrix sid="transform">1.243781 0 0 0 0 1.25 0 0 0 0 1.249998 0 0 0 0 1</matrix>
        <instance_geometry url="#Realistic_Lowpoly_Rack-mesh" name="Realistic lowpoly rack">
          <bind_material>
            <technique_common>
              <instance_material symbol="Intro_Realistic_Rack-material" target="#Intro_Realistic_Rack-material">
                <bind_vertex_input semantic="UVMap" input_semantic="TEXCOORD" input_set="0"/>
              </instance_material>
            </technique_common>
          </bind_material>
        </instance_geometry>
      </node>
    </visual_scene>
  </library_visual_scenes>
  <scene>
    <instance_visual_scene url="#Scene"/>
  </scene>
</COLLADA>